{"ongoing_trials": {}, "hyperparameters": {"space": [{"class_name": "Int", "config": {"name": "input_units", "default": null, "conditions": [], "min_value": 5, "max_value": 64, "step": 1, "sampling": "linear"}}, {"class_name": "Choice", "config": {"name": "input_activation", "default": "relu", "conditions": [], "values": ["relu", "tanh", "sigmoid"], "ordered": false}}, {"class_name": "Int", "config": {"name": "n_layers", "default": null, "conditions": [], "min_value": 1, "max_value": 5, "step": 1, "sampling": "linear"}}, {"class_name": "Int", "config": {"name": "hidden_units_0", "default": null, "conditions": [], "min_value": 5, "max_value": 64, "step": 1, "sampling": "linear"}}, {"class_name": "Choice", "config": {"name": "hidden_activation_0", "default": "relu", "conditions": [], "values": ["relu", "tanh", "sigmoid"], "ordered": false}}, {"class_name": "Float", "config": {"name": "regularization_0", "default": 0.0, "conditions": [], "min_value": 0.0, "max_value": 0.1, "step": 0.01, "sampling": "linear"}}, {"class_name": "Float", "config": {"name": "dropout_rate", "default": 0.0, "conditions": [], "min_value": 0.0, "max_value": 0.5, "step": 0.1, "sampling": "linear"}}, {"class_name": "Choice", "config": {"name": "optimizer", "default": "adam", "conditions": [], "values": ["adam", "sgd", "rmsprop"], "ordered": false}}, {"class_name": "Int", "config": {"name": "hidden_units_1", "default": null, "conditions": [], "min_value": 5, "max_value": 64, "step": 1, "sampling": "linear"}}, {"class_name": "Choice", "config": {"name": "hidden_activation_1", "default": "relu", "conditions": [], "values": ["relu", "tanh", "sigmoid"], "ordered": false}}, {"class_name": "Float", "config": {"name": "regularization_1", "default": 0.0, "conditions": [], "min_value": 0.0, "max_value": 0.1, "step": 0.01, "sampling": "linear"}}, {"class_name": "Int", "config": {"name": "hidden_units_2", "default": null, "conditions": [], "min_value": 5, "max_value": 64, "step": 1, "sampling": "linear"}}, {"class_name": "Choice", "config": {"name": "hidden_activation_2", "default": "relu", "conditions": [], "values": ["relu", "tanh", "sigmoid"], "ordered": false}}, {"class_name": "Float", "config": {"name": "regularization_2", "default": 0.0, "conditions": [], "min_value": 0.0, "max_value": 0.1, "step": 0.01, "sampling": "linear"}}, {"class_name": "Int", "config": {"name": "hidden_units_3", "default": null, "conditions": [], "min_value": 5, "max_value": 64, "step": 1, "sampling": "linear"}}, {"class_name": "Choice", "config": {"name": "hidden_activation_3", "default": "relu", "conditions": [], "values": ["relu", "tanh", "sigmoid"], "ordered": false}}, {"class_name": "Float", "config": {"name": "regularization_3", "default": 0.0, "conditions": [], "min_value": 0.0, "max_value": 0.1, "step": 0.01, "sampling": "linear"}}, {"class_name": "Int", "config": {"name": "hidden_units_4", "default": null, "conditions": [], "min_value": 5, "max_value": 64, "step": 1, "sampling": "linear"}}, {"class_name": "Choice", "config": {"name": "hidden_activation_4", "default": "relu", "conditions": [], "values": ["relu", "tanh", "sigmoid"], "ordered": false}}, {"class_name": "Float", "config": {"name": "regularization_4", "default": 0.0, "conditions": [], "min_value": 0.0, "max_value": 0.1, "step": 0.01, "sampling": "linear"}}], "values": {"input_units": 5, "input_activation": "relu", "n_layers": 1, "hidden_units_0": 5, "hidden_activation_0": "relu", "regularization_0": 0.0, "dropout_rate": 0.0, "optimizer": "adam", "hidden_units_1": 5, "hidden_activation_1": "relu", "regularization_1": 0.0, "hidden_units_2": 5, "hidden_activation_2": "relu", "regularization_2": 0.0, "hidden_units_3": 5, "hidden_activation_3": "relu", "regularization_3": 0.0, "hidden_units_4": 5, "hidden_activation_4": "relu", "regularization_4": 0.0}}, "start_order": ["0000", "0001", "0002", "0003", "0004", "0005", "0006", "0007", "0008", "0009", "0010", "0011", "0012", "0013", "0014", "0015", "0016", "0017", "0018", "0019", "0020", "0021", "0022", "0023", "0024", "0025", "0026", "0027", "0028", "0029", "0030", "0031", "0032", "0033", "0034", "0035", "0036", "0037", "0038", "0039", "0040", "0041", "0042", "0043", "0044", "0045", "0046", "0047", "0048", "0049", "0050", "0051", "0052", "0053", "0054", "0055", "0056", "0057", "0058", "0059", "0060", "0061", "0062", "0063", "0064", "0065", "0066", "0067", "0068", "0069", "0070", "0071", "0072", "0073", "0074", "0075", "0076", "0077", "0078", "0079", "0080", "0081", "0082", "0083", "0084", "0085", "0086", "0087", "0088", "0089", "0090", "0091", "0092", "0093", "0094", "0095", "0096", "0097", "0098", "0099", "0100", "0101", "0102", "0103", "0104", "0105", "0106", "0107", "0108", "0109", "0110", "0111", "0112", "0113", "0114", "0115", "0116", "0117", "0118", "0119", "0120", "0121", "0122", "0123", "0124", "0125", "0126", "0127", "0128", "0129", "0130", "0131", "0132", "0133", "0134", "0135", "0136", "0137", "0138", "0139", "0140", "0141", "0142", "0143", "0144", "0145", "0146", "0147", "0148", "0149", "0150", "0151", "0152", "0153", "0154", "0155", "0156", "0157", "0158", "0159", "0160", "0161", "0162", "0163", "0164", "0165", "0166", "0167", "0168", "0169", "0170", "0171", "0172", "0173", "0174", "0175", "0176", "0177", "0178", "0179", "0180", "0181", "0182", "0183", "0184", "0185", "0186", "0187", "0188", "0189", "0190", "0191", "0192", "0193", "0194", "0195", "0196", "0197", "0198", "0199", "0200", "0201", "0202", "0203", "0204", "0205", "0206", "0207", "0208", "0209", "0210", "0211", "0212", "0213", "0214", "0215", "0216", "0217", "0218", "0219", "0220", "0221", "0222", "0223", "0224", "0225", "0226", "0227", "0228", "0229", "0230", "0231", "0232", "0233", "0234", "0235", "0236", "0237", "0238", "0239", "0240", "0241", "0242", "0243", "0244", "0245", "0246", "0247", "0248", "0249", "0250", "0251", "0252", "0253", "0254", "0255", "0256", "0257", "0258", "0259", "0260", "0261", "0262", "0263", "0264", "0265", "0266", "0267", "0268", "0269", "0270", "0271", "0272", "0273", "0274", "0275", "0276", "0277", "0278", "0279", "0280", "0281", "0282", "0283", "0284", "0285", "0286", "0287", "0288", "0289", "0290", "0291", "0292", "0293", "0294", "0295", "0296", "0297", "0298", "0299", "0300", "0301", "0302", "0303", "0304", "0305", "0306", "0307", "0308", "0309", "0310", "0311", "0312", "0313", "0314", "0315", "0316", "0317", "0318", "0319", "0320", "0321", "0322", "0323", "0324", "0325", "0326", "0327", "0328", "0329", "0330", "0331", "0332", "0333", "0334", "0335", "0336", "0337", "0338", "0339", "0340", "0341", "0342", "0343", "0344", "0345", "0346", "0347", "0348", "0349", "0350", "0351", "0352", "0353", "0354", "0355", "0356", "0357", "0358", "0359", "0360", "0361", "0362", "0363", "0364", "0365", "0366", "0367", "0368", "0369", "0370", "0371", "0372", "0373", "0374", "0375", "0376", "0377", "0378", "0379", "0380", "0381", "0382", "0383", "0384", "0385", "0386", "0387", "0388", "0389", "0390", "0391", "0392", "0393", "0394", "0395", "0396", "0397", "0398", "0399", "0400", "0401", "0402", "0403", "0404", "0405", "0406", "0407", "0408", "0409", "0410", "0411", "0412", "0413", "0414", "0415", "0416", "0417", "0418", "0419", "0420", "0421", "0422", "0423", "0424", "0425", "0426", "0427", "0428", "0429", "0430", "0431", "0432", "0433", "0434", "0435", "0436", "0437", "0438", "0439", "0440", "0441", "0442", "0443", "0444", "0445", "0446", "0447", "0448", "0449", "0450", "0451", "0452", "0453", "0454", "0455", "0456", "0457", "0458", "0459", "0460", "0461", "0462", "0463", "0464", "0465", "0466", "0467", "0468", "0469", "0470", "0471", "0472", "0473", "0474", "0475", "0476", "0477", "0478", "0479", "0480", "0481", "0482", "0483", "0484", "0485", "0486", "0487", "0488", "0489", "0490", "0491", "0492", "0493", "0494", "0495", "0496", "0497", "0498", "0499", "0500", "0501", "0502", "0503", "0504", "0505", "0506", "0507"], "end_order": ["0000", "0001", "0002", "0003", "0004", "0005", "0006", "0007", "0008", "0009", "0010", "0011", "0012", "0013", "0014", "0015", "0016", "0017", "0018", "0019", "0020", "0021", "0022", "0023", "0024", "0025", "0026", "0027", "0028", "0029", "0030", "0031", "0032", "0033", "0034", "0035", "0036", "0037", "0038", "0039", "0040", "0041", "0042", "0043", "0044", "0045", "0046", "0047", "0048", "0049", "0050", "0051", "0052", "0053", "0054", "0055", "0056", "0057", "0058", "0059", "0060", "0061", "0062", "0063", "0064", "0065", "0066", "0067", "0068", "0069", "0070", "0071", "0072", "0073", "0074", "0075", "0076", "0077", "0078", "0079", "0080", "0081", "0082", "0083", "0084", "0085", "0086", "0087", "0088", "0089", "0090", "0091", "0092", "0093", "0094", "0095", "0096", "0097", "0098", "0099", "0100", "0101", "0102", "0103", "0104", "0105", "0106", "0107", "0108", "0109", "0110", "0111", "0112", "0113", "0114", "0115", "0116", "0117", "0118", "0119", "0120", "0121", "0122", "0123", "0124", "0125", "0126", "0127", "0128", "0129", "0130", "0131", "0132", "0133", "0134", "0135", "0136", "0137", "0138", "0139", "0140", "0141", "0142", "0143", "0144", "0145", "0146", "0147", "0148", "0149", "0150", "0151", "0152", "0153", "0154", "0155", "0156", "0157", "0158", "0159", "0160", "0161", "0162", "0163", "0164", "0165", "0166", "0167", "0168", "0169", "0170", "0171", "0172", "0173", "0174", "0175", "0176", "0177", "0178", "0179", "0180", "0181", "0182", "0183", "0184", "0185", "0186", "0187", "0188", "0189", "0190", "0191", "0192", "0193", "0194", "0195", "0196", "0197", "0198", "0199", "0200", "0201", "0202", "0203", "0204", "0205", "0206", "0207", "0208", "0209", "0210", "0211", "0212", "0213", "0214", "0215", "0216", "0217", "0218", "0219", "0220", "0221", "0222", "0223", "0224", "0225", "0226", "0227", "0228", "0229", "0230", "0231", "0232", "0233", "0234", "0235", "0236", "0237", "0238", "0239", "0240", "0241", "0242", "0243", "0244", "0245", "0246", "0247", "0248", "0249", "0250", "0251", "0252", "0253", "0254", "0255", "0256", "0257", "0258", "0259", "0260", "0261", "0262", "0263", "0264", "0265", "0266", "0267", "0268", "0269", "0270", "0271", "0272", "0273", "0274", "0275", "0276", "0277", "0278", "0279", "0280", "0281", "0282", "0283", "0284", "0285", "0286", "0287", "0288", "0289", "0290", "0291", "0292", "0293", "0294", "0295", "0296", "0297", "0298", "0299", "0300", "0301", "0302", "0303", "0304", "0305", "0306", "0307", "0308", "0309", "0310", "0311", "0312", "0313", "0314", "0315", "0316", "0317", "0318", "0319", "0320", "0321", "0322", "0323", "0324", "0325", "0326", "0327", "0328", "0329", "0330", "0331", "0332", "0333", "0334", "0335", "0336", "0337", "0338", "0339", "0340", "0341", "0342", "0343", "0344", "0345", "0346", "0347", "0348", "0349", "0350", "0351", "0352", "0353", "0354", "0355", "0356", "0357", "0358", "0359", "0360", "0361", "0362", "0363", "0364", "0365", "0366", "0367", "0368", "0369", "0370", "0371", "0372", "0373", "0374", "0375", "0376", "0377", "0378", "0379", "0380", "0381", "0382", "0383", "0384", "0385", "0386", "0387", "0388", "0389", "0390", "0391", "0392", "0393", "0394", "0395", "0396", "0397", "0398", "0399", "0400", "0401", "0402", "0403", "0404", "0405", "0406", "0407", "0408", "0409", "0410", "0411", "0412", "0413", "0414", "0415", "0416", "0417", "0418", "0419", "0420", "0421", "0422", "0423", "0424", "0425", "0426", "0427", "0428", "0429", "0430", "0431", "0432", "0433", "0434", "0435", "0436", "0437", "0438", "0439", "0440", "0441", "0442", "0443", "0444", "0445", "0446", "0447", "0448", "0449", "0450", "0451", "0452", "0453", "0454", "0455", "0456", "0457", "0458", "0459", "0460", "0461", "0462", "0463", "0464", "0465", "0466", "0467", "0468", "0469", "0470", "0471", "0472", "0473", "0474", "0475", "0476", "0477", "0478", "0479", "0480", "0481", "0482", "0483", "0484", "0485", "0486", "0487", "0488", "0489", "0490", "0491", "0492", "0493", "0494", "0495", "0496", "0497", "0498", "0499", "0500", "0501", "0502", "0503", "0504", "0505", "0506", "0507"], "run_times": {"0000": 1, "0001": 1, "0002": 1, "0003": 1, "0004": 1, "0005": 1, "0006": 1, "0007": 1, "0008": 1, "0009": 1, "0010": 1, "0011": 1, "0012": 1, "0013": 1, "0014": 1, "0015": 1, "0016": 1, "0017": 1, "0018": 1, "0019": 1, "0020": 1, "0021": 1, "0022": 1, "0023": 1, "0024": 1, "0025": 1, "0026": 1, "0027": 1, "0028": 1, "0029": 1, "0030": 1, "0031": 1, "0032": 1, "0033": 1, "0034": 1, "0035": 1, "0036": 1, "0037": 1, "0038": 1, "0039": 1, "0040": 1, "0041": 1, "0042": 1, "0043": 1, "0044": 1, "0045": 1, "0046": 1, "0047": 1, "0048": 1, "0049": 1, "0050": 1, "0051": 1, "0052": 1, "0053": 1, "0054": 1, "0055": 1, "0056": 1, "0057": 1, "0058": 1, "0059": 1, "0060": 1, "0061": 1, "0062": 1, "0063": 1, "0064": 1, "0065": 1, "0066": 1, "0067": 1, "0068": 1, "0069": 1, "0070": 1, "0071": 1, "0072": 1, "0073": 1, "0074": 1, "0075": 1, "0076": 1, "0077": 1, "0078": 1, "0079": 1, "0080": 1, "0081": 1, "0082": 1, "0083": 1, "0084": 1, "0085": 1, "0086": 1, "0087": 1, "0088": 1, "0089": 1, "0090": 1, "0091": 1, "0092": 1, "0093": 1, "0094": 1, "0095": 1, "0096": 1, "0097": 1, "0098": 1, "0099": 1, "0100": 1, "0101": 1, "0102": 1, "0103": 1, "0104": 1, "0105": 1, "0106": 1, "0107": 1, "0108": 1, "0109": 1, "0110": 1, "0111": 1, "0112": 1, "0113": 1, "0114": 1, "0115": 1, "0116": 1, "0117": 1, "0118": 1, "0119": 1, "0120": 1, "0121": 1, "0122": 1, "0123": 1, "0124": 1, "0125": 1, "0126": 1, "0127": 1, "0128": 1, "0129": 1, "0130": 1, "0131": 1, "0132": 1, "0133": 1, "0134": 1, "0135": 1, "0136": 1, "0137": 1, "0138": 1, "0139": 1, "0140": 1, "0141": 1, "0142": 1, "0143": 1, "0144": 1, "0145": 1, "0146": 1, "0147": 1, "0148": 1, "0149": 1, "0150": 1, "0151": 1, "0152": 1, "0153": 1, "0154": 1, "0155": 1, "0156": 1, "0157": 1, "0158": 1, "0159": 1, "0160": 1, "0161": 1, "0162": 1, "0163": 1, "0164": 1, "0165": 1, "0166": 1, "0167": 1, "0168": 1, "0169": 1, "0170": 1, "0171": 1, "0172": 1, "0173": 1, "0174": 1, "0175": 1, "0176": 1, "0177": 1, "0178": 1, "0179": 1, "0180": 1, "0181": 1, "0182": 1, "0183": 1, "0184": 1, "0185": 1, "0186": 1, "0187": 1, "0188": 1, "0189": 1, "0190": 1, "0191": 1, "0192": 1, "0193": 1, "0194": 1, "0195": 1, "0196": 1, "0197": 1, "0198": 1, "0199": 1, "0200": 1, "0201": 1, "0202": 1, "0203": 1, "0204": 1, "0205": 1, "0206": 1, "0207": 1, "0208": 1, "0209": 1, "0210": 1, "0211": 1, "0212": 1, "0213": 1, "0214": 1, "0215": 1, "0216": 1, "0217": 1, "0218": 1, "0219": 1, "0220": 1, "0221": 1, "0222": 1, "0223": 1, "0224": 1, "0225": 1, "0226": 1, "0227": 1, "0228": 1, "0229": 1, "0230": 1, "0231": 1, "0232": 1, "0233": 1, "0234": 1, "0235": 1, "0236": 1, "0237": 1, "0238": 1, "0239": 1, "0240": 1, "0241": 1, "0242": 1, "0243": 1, "0244": 1, "0245": 1, "0246": 1, "0247": 1, "0248": 1, "0249": 1, "0250": 1, "0251": 1, "0252": 1, "0253": 1, "0254": 1, "0255": 1, "0256": 1, "0257": 1, "0258": 1, "0259": 1, "0260": 1, "0261": 1, "0262": 1, "0263": 1, "0264": 1, "0265": 1, "0266": 1, "0267": 1, "0268": 1, "0269": 1, "0270": 1, "0271": 1, "0272": 1, "0273": 1, "0274": 1, "0275": 1, "0276": 1, "0277": 1, "0278": 1, "0279": 1, "0280": 1, "0281": 1, "0282": 1, "0283": 1, "0284": 1, "0285": 1, "0286": 1, "0287": 1, "0288": 1, "0289": 1, "0290": 1, "0291": 1, "0292": 1, "0293": 1, "0294": 1, "0295": 1, "0296": 1, "0297": 1, "0298": 1, "0299": 1, "0300": 1, "0301": 1, "0302": 1, "0303": 1, "0304": 1, "0305": 1, "0306": 1, "0307": 1, "0308": 1, "0309": 1, "0310": 1, "0311": 1, "0312": 1, "0313": 1, "0314": 1, "0315": 1, "0316": 1, "0317": 1, "0318": 1, "0319": 1, "0320": 1, "0321": 1, "0322": 1, "0323": 1, "0324": 1, "0325": 1, "0326": 1, "0327": 1, "0328": 1, "0329": 1, "0330": 1, "0331": 1, "0332": 1, "0333": 1, "0334": 1, "0335": 1, "0336": 1, "0337": 1, "0338": 1, "0339": 1, "0340": 1, "0341": 1, "0342": 1, "0343": 1, "0344": 1, "0345": 1, "0346": 1, "0347": 1, "0348": 1, "0349": 1, "0350": 1, "0351": 1, "0352": 1, "0353": 1, "0354": 1, "0355": 1, "0356": 1, "0357": 1, "0358": 1, "0359": 1, "0360": 1, "0361": 1, "0362": 1, "0363": 1, "0364": 1, "0365": 1, "0366": 1, "0367": 1, "0368": 1, "0369": 1, "0370": 1, "0371": 1, "0372": 1, "0373": 1, "0374": 1, "0375": 1, "0376": 1, "0377": 1, "0378": 1, "0379": 1, "0380": 1, "0381": 1, "0382": 1, "0383": 1, "0384": 1, "0385": 1, "0386": 1, "0387": 1, "0388": 1, "0389": 1, "0390": 1, "0391": 1, "0392": 1, "0393": 1, "0394": 1, "0395": 1, "0396": 1, "0397": 1, "0398": 1, "0399": 1, "0400": 1, "0401": 1, "0402": 1, "0403": 1, "0404": 1, "0405": 1, "0406": 1, "0407": 1, "0408": 1, "0409": 1, "0410": 1, "0411": 1, "0412": 1, "0413": 1, "0414": 1, "0415": 1, "0416": 1, "0417": 1, "0418": 1, "0419": 1, "0420": 1, "0421": 1, "0422": 1, "0423": 1, "0424": 1, "0425": 1, "0426": 1, "0427": 1, "0428": 1, "0429": 1, "0430": 1, "0431": 1, "0432": 1, "0433": 1, "0434": 1, "0435": 1, "0436": 1, "0437": 1, "0438": 1, "0439": 1, "0440": 1, "0441": 1, "0442": 1, "0443": 1, "0444": 1, "0445": 1, "0446": 1, "0447": 1, "0448": 1, "0449": 1, "0450": 1, "0451": 1, "0452": 1, "0453": 1, "0454": 1, "0455": 1, "0456": 1, "0457": 1, "0458": 1, "0459": 1, "0460": 1, "0461": 1, "0462": 1, "0463": 1, "0464": 1, "0465": 1, "0466": 1, "0467": 1, "0468": 1, "0469": 1, "0470": 1, "0471": 1, "0472": 1, "0473": 1, "0474": 1, "0475": 1, "0476": 1, "0477": 1, "0478": 1, "0479": 1, "0480": 1, "0481": 1, "0482": 1, "0483": 1, "0484": 1, "0485": 1, "0486": 1, "0487": 1, "0488": 1, "0489": 1, "0490": 1, "0491": 1, "0492": 1, "0493": 1, "0494": 1, "0495": 1, "0496": 1, "0497": 1, "0498": 1, "0499": 1, "0500": 1, "0501": 1, "0502": 1, "0503": 1, "0504": 1, "0505": 1, "0506": 1, "0507": 1}, "retry_queue": [], "seed": 1825, "seed_state": 8672, "tried_so_far": ["584915385ba04ed57f8b08d7d9dcd699", "dd67940044e6d23d59829ed70a2d0d02", "57d5d20ed55437c56e044b497db4b189", "743c619ed680e7e81cf7ee662b3c8799", "ad855568adf105f0bc9ed87f1809e6b1", "3bf0f13fabd125fdf49c94c64814104f", "3aa364ae8cfcb2c66f2bc4182bd3573d", "aeb5917ac1716f01b6b9164402eb6e3e", "c5ced47a338e08fca728436400d12daa", "8200b254df7324f1d67d23e0531bc5c8", "8c41833eba0bc71bcd65dbfecd78f2ee", "a7cd96a14ff56f7c6eb42fc7eacd908e", "46d0b4ebcddc16febc2788590f5508bd", "5bd45628fa45a7cffe4ab73b5fb22b97", "3251589076e80cc505642196fee0499c", "0133a9548bfcd6eed95418504b5be978", "42ab7478f336a005c2c49ee7537b889a", "d154a3f7836e56cbbf10f73a03c68728", "2494a7feab1092c4359c2010175c39f2", "196cd6a1c0695ab0632054c4dc7efc26", "12c3e679f3b79865aa2da9415a6a7dea", "8d7492493d36e26db6499382cb895f17", "b423aa3501d597b98a15138b03afe771", "65dc00706e5bf6f95fb63d46c929994a", "11dcf6d4bd23d2b97c4117c1c41991a8", "0f252f4fc2ad87186ef07c17dcd8ca26", "82a445a116c00e6fe4ece325379dcc66", "b0d40e8ec92bf56654be2d080b54b704", "40bc0b7c9f2d02747ef2be43b270f7ac", "621886972f6f54167d67fdd7c7205c2e", "518243e2c1fadc3dc7b4cbd0077bef2f", "e41d5cbbdcb9818db70e623915d39c03", "e18a3a6122a66abea8a478e0e60d7c9d", "10e691dfb43fcd6871baffe281ab345b", "482e9a5b3e3ef26e2b43242bec93b582", "41fc856724c11e9d1d0341c0044ecce6", "5b24ae9333988709721ea62c68673d52", "dcd14fcb7b316f9e25a0564c834e5e22", "e71c6bd355994e51552c14afd1dae18f", "1b51d5d26c9c323776efca923e28a6dd", "dddafcfa69522a23c24218799f8a9d11", "ca6600b2efabfb634266644a5b85b98e", "2ccb31646d8c2dce8dc2097efd3ef7a0", "93ca51b4b4e807cace931a76a1219627", "9cf219804774ccca58c915f3c242a537", "b3f1493ce32c30040222ab6fe0699fe1", "b1d0c9b7ba3b09ed56cc6a2538f89fde", "3b1fd4c546163dd2e0f9d658f56d2762", "674caaea93c3aa912f2b9c41731146b9", "c04391687b41e1cea37504f28a2bc723", "9c75e102f5c3f182c586da6f53722a3a", "b1613b365f8568f452a117f87a76ad53", "b42a706da928d278f3e0a845f329c723", "61d45ad12352b6747e87a0ee85fb31a3", "3b403518c6b88dd946e9d352f3b1ddce", "1c88f232d21940021623e5d0c4fe2d94", "4e4cde8194b04968876b3bfe3d15315e", "022b0378f417073ad6538cca76f476c4", "84a96a3294cdffdfc04e9b9c855a574c", "133b03702b23502824e464fdda79ae50", "ef8662567e7df8903f27ca4b0d2ab27b", "b3103e26b0656a8132ba93a0fd37d87c", "172846c55d9db3beb09b61759a8a8fcd", "03ec6550a71447f47bc7447acdf723b2", "af2d1c120fddfc9f4efd20647292de38", "44f91bcbc987fc47bcc9a829807389e8", "2ecfbb05d2a0e2d6811f2c653ba5aa9f", "5f9beb21be8c0dc86ff5238e2cbd9739", "ebff7514ab7a34b4faa7a0969d81a141", "fbbe48ca600d8cde3a08b3732874994c", "33688b8de044101d8496f456b437eefc", "5500724d55182fdb5a2e7fa574bf0549", "b30ca1caf55d43b38cd77dcf5ea6792e", "61aa86cf56d0031df7f3c06914e0dfa9", "67aa5321c0b7c3361a3b7e383315cbde", "28e8ca215501aff01d240ddff3be9caf", "775e5c853c761b2a414548d995f688c1", "8105c0446af08d2ed7a05a2840ba11ca", "cd2134c2e1bc49d2d20310fb14388cb1", "07e47c7e394f649715e484596b8529a9", "23d0b0f79163d73907207662553f9e19", "3398733256d6f57dcbc15e0b65a18645", "7a100de096500de3cef8b297561adf02", "3663f5b6d9cfe85c131370875c012146", "66decb5f187e352dd6e681baffae156c", "b6c2a2fd84594eb601474897403db8c5", "4052912aef6b05b2f7ffe61a52c2d067", "f322d0ef7281d954eadc01d8d637cd4d", "2b7e7a3144b51292a352bf459599fce0", "b538d4f80aaaf6055dfe52dd0528e7bd", "f5e754103bce1968ff11a52c4b203d36", "50a44e36af5ef80238f68972dce9522f", "67e20f5b8b064c73fc70accb09040987", "223c1ccfd4e8b2a6ac3a0eb98ccc6920", "74b9c7a3a8bb7b87f9f9f4a549ea939e", "046cbeb2631231eb80fb7b8d995b5ec7", "4a363e7d657be9c686a1c111bfa8f5c7", "7f6d23dbfb7c42c491c3d10c59b3f599", "d652a36f95a1fa6bc312f8af77dee5b4", "0718abdda2419b4d11a50c32947767cb", "30898446d7d9aff794764d5524b1e038", "38625cafb5d1a286acb9859494500d93", "50a1a1f536adf0845b906898496b7fad", "975c117008202f302785ea309dc5a33c", "ad4a6a2338410fd12dbc2508ef6c3ad2", "4165291274411c778e5968a148ec9391", "799e6c01689497ae99194279ba9a8aa9", "51074503c17f7481152309646001d604", "79128cf1f60cbb2e2fc657fdc54352db", "102d34552cc6829f70416cc756eaeec9", "242b477fdbf538f7ed1b9be99726290e", "4a351177be33a21c7cf4f1cf5acfdab0", "23eea16d4c919b2bfd8b18862b65f7a9", "0ec0177ff95f4906f614e6401964235f", "993f13ce22831f61db0f67a566f533ab", "fc6c41611f93b251e4c14cabcc062488", "faf51e6266ceaafd10d1df2024fe157d", "b046115bdd6bcff1bd37d14d3b23b64c", "138c60150368d17b0587f4feedbcfdeb", "c37d8a9b88f3bccf80f87903f05b03f1", "70b085ee4f894dca5041cc4cc16395e7", "b0a9c7b08005085a05b49c6c7468393b", "a030af7ff0f84bf5fb8324b16b3f710e", "2925eda40e7363af29448e636987a75d", "e4d91c56e7f245e78d773671b5bbd27e", "30538c3cdca3ad492f232cfa00c372ee", "c1180187ea15363764f4b401d3f34013", "5fa32d5cb9a87c04a21e6ee8792b5a48", "22fc76c3ecd9954191921ea3ea89e8cc", "bfe35fb4ac0b6226deedebc32a0eb799", "7b5df05abb34b7d8d12d125a921f38a0", "a25c58a80b69715f5400d3d36a1ba77a", "2d42a8b1484a9f3645c70128e206f97c", "94c08e24f3e21eeccb1f939f1ae466d2", "58eff9dc8db3e28dd3165422f4e702ee", "c3d548c3e1a6b74309a1afe86a36ee8c", "54d41f877d0a98e4e247fdd38f3364ec", "c5b9bec8c0bcacd74f4aa33d39993813", "b78a50b792cd3fe426a67fe68f4821b1", "0e97de7cb1f996f5115ad0209b33fa07", "fd8d253a40a3475210b28ef3cac22c0d", "38283dff9a49a67379bc1434821006dc", "cb37cdbe2ff444ebfff9e6e44f640bb5", "678a047744734680dad1b1ec9c8a4f2c", "2e8a82aaa4fb7098b7faaf30ce475eb0", "497ab662d27de435d7a85ea6192d10c7", "7238fe2bb7b03519c325b207415a34f9", "6daa08ab5e3a2fc1759870908efe93ad", "e3e908479b586b55f48c872f8f894f4a", "fe79e2bd22aa295338e6929373a54bca", "f2e0dee283722e52517bd21a15bd4b05", "3e72e96cc45d56dc16d534815eb14fb0", "de307c8ea8eb7b30c23dd18995f950b3", "bacd9aa78b0596b45044a4c0efd9dee3", "aaf67253067724412ad34d165cd8b8f5", "42e61e3c2baf6185219aacb68e007e2f", "40902e8e3e116aee1d74a054cd525fa2", "92aabca125f9d5acf2e80a7d64edf1f5", "ec0b0fab1ade261febaf93ecc90608de", "2507a26349df0507ac52f1293e09be0d", "79716777e83af617abfa3698aa606ae9", "7b4f061f7e07a1597e6b315fd6cad5b5", "e27ff68c331ddffd1b93a4e0b6a42335", "3e9d349af2fc62fcdbb5b09966f324a3", "c025f75e8eece11dd744a24530cfa773", "116d6f0d91367f81cdacb4e336563d1f", "142ac35d24ccbbb33c0f4c923551bfc3", "17c9416a015de2a7067767de4c7981fa", "f80a99fd4c9c646530794da871e26ebb", "fb08d172f6a799e1e1bc5928f4fe48bf", "d3b983ebc787dc9a1f32bf6cb2c685d1", "46242f941506a094e3f5e503976f8ffa", "13f99954ccd77bf311d1273190f0a74f", "03d20b53e9767541a85f7fb4d46100a4", "e54c67e8b96ff8222f9776e73a80247f", "e5a7d8b7b9d0d987b38b1eded7c58f81", "673822b8f33819172fe49cc2cd22863d", "c3afd78c9bba9d66374e2f25c2576473", "25bf912e931cd682008ec420546df21c", "0f9768d53f7e4c0a833c36295cf59e72", "dac8940ca2b0e378e8e00732f1d02c9b", "65c684cbd76e8630ad4a7c1034569a3c", "c5aa976f2f7b86c41fbbe5fc83d0d0b6", "8ba19b52c4c62118a0cd022b7f2e7bf8", "e3abd1efa334ae5ea54eaf6dcfb8d6e1", "1badddb0dd2b30444d7af53a05a90327", "8ed776772c25ec6656b878d2e2cc7632", "ef970090df1ce7ade8173a949763e1b0", "e84fe2f3f97df710881d5e955a4858d7", "e95e71c103a51b6c5ba580ce3e8821ba", "dc70916eade42d1c942af3c191077790", "d01c41255e8c22e1b710fdf88d84c69a", "c5cd802f8d4a10cd2863c2a56bdbe181", "004265f8df8fdd5f8fbc6c6539a8f8c3", "32ce3ddda411f99444a7a382a478fb43", "4ef5a6f80ea64029f30eca7386d45cc7", "ce168088cbda5cd5f60cb626b2992501", "b4d693214486a13631ea2d0df7b26fd9", "521e2e8c2e0461f93679525e3568f366", "e27d0afef4eb0f8da5f9195c956e0913", "15703e2ece3904f090ab57628ddf63fe", "7bfbceee005c3b8e99c02847d657890a", "46fdcc601d3c825c79ad4a70334aa0ea", "ecb27078922b83b1edc2aca8f9a9fd1d", "97efd645b32658668cb06eddad4f4b37", "a46b06644b365edd9de10ba623499eb2", "43853002bee2bf8d38f90b54f17dd71d", "9c54a6bbef0bc5fd56df6de2d19cb923", "83c87595a2e6119d669d70b95e057f3a", "fbbec700ad71791546f0422dc73cb4e4", "959c85d8d7e681f084bcf883c9fe7cc2", "e4271d21fd731e34493c9b0d54e450bb", "51ff1574808fa2c952b11d406cd6ccd1", "0943c985936996170c98a32f249b0395", "29b4075327189ff2db703083fb5b2c45", "23f8e6fb5905593fdc6ae90a49ed5e32", "63ab5ce9d7ab15712660dee082ddcadc", "237d339d7dcb735835eb0ff16908be82", "e9d12c504e94e088519d5c10d57051f4", "c733e37679a2cd556487139a8e7833b6", "2fddd74d17bc068465d987c6cdec29ee", "d2aeb7efc633d5b266fcad7665d45830", "dd3dfa751650fdf74ea4e486ce1802b2", "9a32e72080abfb7efbf72c4c46dfb746", "1965be2b5c6288afda7fe34ec51b8288", "5571f1ad6789d0c18d43a0d38ea74a5f", "8548461df15a654dbf2ea193c48936f6", "e8c73941e79b08e44d4988c82ae37480", "80c1e61a231eeabb75af37226b290c0d", "f0e99b518b2d5dfd435831038346d6a4", "f9145400e42c34af52508ff049984da0", "d09add13396d0049d58420a35463e05c", "8aec508acedd1dbbbe759be129803a33", "b8a02dc9c0182ce12c129fa19deb6214", "9708dd38672da976153dd4abe41f8c0e", "ab42181cc5e4fee6263aaffe47a60b21", "506a043d6cd1860b0df9ee6c19c1445a", "6fc279e0ee75c89fe83a105b45157e8c", "1cdbece2b8ce7567baead1d85af85702", "62c7493495d69cfdafe9a261e91403d1", "bd027aa642b92cb00154fa342447f3fd", "5343cc6b4ffd931004ba22c95efc47d1", "4798ac6a8f81aef7b946d55b549727a2", "40c372f62e185543e8e177b7b7d57157", "f58af21bcc00e247f4072120ce61940f", "b522eb296d7dbb03cbf9e96356860360", "e98ee102a002ba741fff714a87b1ff7a", "84fcbc6ab0d61ee98285717c3f636ccd", "2316f4bed26088a6d8ffc6ffb7721774", "3cdf76df217b63df4c8d2a2827b9bc5e", "b7243f8beff07f6cd0f0a697e8221cdf", "0b7c402c0bbec90b416fe5ed29d8224c", "1ccbaf7886b37dd89953a6e138f5855f", "c1d04cf80d9ca4b37960062d724c1ef7", "5e1391111d2f24b8e99151b8307fa42c", "6f7a1d9edf1b6beb2d00f6d15285f6fa", "dd803e92aacdaca8642a0cce7b1c7a17", "e0979be3cb2b61359da6352f2fb52587", "7e197cdebc526aa870cd5db7becd4493", "ef63b87350671199a2be469cf457bccd", "ed4fe0e0ce99ad5630b8b1920bf1cd25", "c84cbf059f613ccb15b2285a3e1cef5e", "b8da7e55de2b6af5f519aaf512b355e5", "3317cc5318287937e6322614bb585c5e", "ff47a7074e4a73f7e398b61ff8f7c0cc", "4a7b64c5cceff4b0c50aaa8004acbc4b", "cbebd12d515d5dc21a470a83e7d3904d", "bd9860a3f7fb2cd2f301b8333e975d06", "786482918aedc2c647429a2569623ac3", "1109acf00a8367e13a733915a205747d", "5cd3a7242b90436f33d7743a287d532b", "82598f6aee659274dae50f575096b937", "7009e8da39b14944dfd6dee00e870c5b", "6344eebcfecbfa281cd7e7b77186192d", "10df06a0364ffdec5c496ff04ea4702e", "c3d1b32c85a284676cb00068a07d262b", "58a94dfb2e91213e145c4e053d7e0469", "124517137acca163a30c62d8686e8621", "949454d53771aea684fb094c90a25a79", "af7f9ab8bfcb37dd49e3731e2c52dce1", "cbf70765c5f5caade6597b7c7e75a1ea", "20f1c80269d5478d321cecb3536d6513", "e3628d7873a75fc765204e0a72c5b512", "cc729759efba88ba6a224deffae44701", "db7d5a80a5cfc716a4ddf69a1c39cdac", "7125fc645361718e97206e14aeed6244", "26f8b4329d971d19c82483a38c540a0b", "7602b637d185e279627f16a2f5a9d326", "6d20650f431ecc0c3876d2ab743b6104", "c092c16a531da3f64e29bdc3bf81fe3d", "f8f11784e266d3c51d849758cd4f5155", "0e8c852925d8e706ee9bf16a2b92fae3", "ba26ecd905999e25fb29450a78fb6358", "34c75ddc904c13575c5da981f7304cb0", "5667fd219c9f6da80b3cb212e1e45014", "9ba20549b2496af952be4cd1dbd1d782", "e6e7e6767f40741832c74e28abf59f89", "7a9656060735b4720a1df9e8bd91cf7f", "2fe9b0d05e03a2ed2f5ff6fc36d92051", "aa598fb1fe281707081c007252537dbc", "e25fcd14794fa9946212a822d96a0472", "293bb4aa5ceb75084e753f62005ef119", "e5bbb52f0de7f46c5feb9dabc79b8381", "197b4b10aa5fe5b6d89b3f96efae6c3b", "84ba032b1ccb25d61855e0a309c73c35", "26c85ca7e0eee4d7274d7b2e69f5a74a", "45f65d6550e68278279cfceca8c43fc6", "2dfe2736ed4aa24dc4cd27d43c4b50b1", "469e40d642586588cfa6ac5e9fc1be8d", "4fc866963fb7dd4e18a9be95b31ba1a3", "7e5bd62daf407adb3ec35d9985bdcc29", "735ebf17a9fa544fa36e9ff56f1e8ed5", "4b656e8436ab2fff42155040708dc2f2", "d83d7498a65b39e44970f7d00ac9db78", "7d32d9bfe472959e1b6a159debde41ca", "a179c8d41aa271055dcb0cb4865d6e81", "472969ae98bec9e5f7109d1b1887ea8e", "cf30d9f2b737fedcc05dc98541f2ec1f", "bcae3b14d4e3f303370368b7e7762c60", "dafd80597067b88c3e7cf291d16ad446", "700b8cd3a6d1b4460f3f70e0e817ce26", "08026d937d28742c33a2442ec0a13962", "1ef3d09e54506054cfed3d6cc207ad98", "596a8d6c89960c25361d17868a163364", "a77a681f361690457de4b0cbfd5219a2", "94fdced12c57c74078c989d1cff801de", "d7b7a653f023cf1bca41d5b912726345", "2ad5c3268d53e046aea27bcb3413cdc9", "dc016afd90529f598243747242a351a2", "021b03601f975af3a5c183e03c1a5cc8", "032dddd5379475d6adb79bab04b58077", "8abd33d400c113a86079fb9b9e7ecf57", "8ff7e6dcf7c89caf07aa023f1ed76f98", "ee2cccbc0369549fe076c73b65d9dab6", "58be3930b03ed593e21b68e5f508856b", "ea1f1123d5055409dc15ad14f0795510", "616170bffec3a33fa06cf691d34e51c9", "c2c2ffbffda606adabf24cf8f210ff85", "c4143347ca28bfa0402a7402688b806e", "0f7e179a5914148e60f782d591e6b79f", "99a00a16771fd4d31592f3046da7d3ab", "f598dedd5c0462a8471dee8be0f2c34b", "72cd1edbceef44598ddcae9ec9ca46a0", "ba85e36b8fe54b41f0fd728d57c92744", "4befcdc925db1c8f37ebe724d1452ae7", "124823a90b7aefdeb2ce72650ea71695", "e4c200bb0fca4299616e11f3e8744791", "153874e1cde59c08753d15631264c648", "5f1b1d53d420bcfb343c63c5b5f02971", "3a8e4a59b974af30695fc8fd84e170ac", "a808b4f1f4e1b94ea2ed15bbfec7db80", "f95dd662b13fc4c99d771f86737cfe41", "301ecd98e910919b96246bc4992a9f2a", "c60161983a4bf2ac05c7c397cb0bf4fe", "7163ddb5a0181a528acc85d6e3d92c31", "f0c82ea21eef8750d080ad45883ff0f4", "37884c9ffb78093481645da522f968fc", "0e83df66f699c64d7f09158aa859fccb", "dd72cd26fded11e4a22697be6e1c306f", "9cdc40291a7c25dca75f4247a78c4f01", "2f4fbd1d8c7e5ef2bd5cae15b23cb45d", "1c11ea5eba2f70f79df553b27b97a36d", "469dfe156dcfd6502732208871d68035", "08dc30da87ad0ebf9e9806f1bd47f07e", "00c3aa2c658ec37e903b7efff89ec650", "206cc2f21c023ed5dccfa54cc13b09ba", "c8690588acaf85e4cbb2312742e5bfd1", "ec6937e7d2a62000348014cb274f00d3", "293ee8af80664b00ce9b9b099a54d702", "56b1c1c9279effde2912fdd3c46bf815", "a7a2360ac1e78093369140344b4ad0ac", "b2b41f0be1f6997598e26e1ce1cfd78b", "08496c4f24eb3a3a8c002c022373c036", "76b0a8f6118f22e59ea6aaaf2bb7ff88", "a4e19472f24f8af16574b7e0a1528400", "cf13d0c786b31f8bb69cfab6e01e26bc", "847854bf82d04997f709afbded90bdee", "a2087596029e07648a1d4f7e73eab804", "96b9c0fa2f9fd669bdbe4621339cf51e", "253f91579b11c292e1c0495e00556295", "20b9654d9bc222285dc8669243f3a125", "63737e1accda93333b586b5a3c805fb5", "4322490d600fc44876c84a122237e430", "7369341ace7e6bc8d10625b4d648aa05", "83985c916d10c883b1385c3bca0c2b62", "ae465c7c63a60a458dfb76742b4c6e72", "42285c1bda2ac62932fa2ba82b9354b6", "3d2032eb65a642593a890d2791001f57", "d2827ea62145751c3ea2e40ceb69848c", "4701b11165133bae5a06d6f032b231c3", "2898d03f7dbdc054d102b2659a3407cc", "52f8ab6dae86d7b7eaebd60a44d13a10", "e7f4e3930feac96dc64659dc503bc6dc", "9ae10fbc349c789f3caea5616d38637b", "c9eb8f4eea42f3c9dcc2f3536b487873", "2cc492dee588b0d47d904df6998def33", "094c9a4607c867d40792bc49c7bba55d", "cfaa667743c12a2b0a3851cb47a849c8", "20d600f5139194501fe990ae2a58e641", "a56b30802a1671700ffff2c78178841b", "aae92e2458befb0f8f1d3e8430412335", "9f7b7f659852fb23b99f7925ed782dd9", "eacce17aa5c6d314f1320a5292313255", "0a743f9d94229d2205b8ed0a6e7d09f3", "9d8517451003f7f67c6aaaa7b0e2c674", "0eec79696fcd95b18fd2e59340606108", "9944e0d59109d1159409d1f0f5c1de0a", "884af5825c4bd99e411773c9368abe13", "b200958a469c6e5ca828f05ac59fe580", "36a448ba40862ac6ecf1ff4cf2b0ad5b", "3cc6dc381fc1e5564062081eb4d8f87f", "52ceb1910b57c584a10d89c3196b0b43", "b40cb581106aade71a994422fe97e499", "0cad5ec500d57f7a69094a3753d71d93", "c0336980029583c10b9d962efd5fe12c", "97f92e4e576b00fbc7d7d753ebb022b8", "36fd9b39a2d80a79ccd969e653976b8f", "5095622a0450c633d5859281b7cb6c64", "23afc81fdd553f3004e25fe6b749f038", "fa2a08c94f28a1acb7aa107f410611ae", "1108f05cf8ff65c54cd7c6e5a72fe66f", "74b64ca8700e7c903cc200215d16f24f", "11d7fa7a27814a82dd76359340d771d7", "6c563c66adb18a52ca9c66158ec73fa5", "b4e2bbde7f5005346805ab4ab17ed81b", "fa918d69ae22fe49ee236b0301d9ad13", "192ba735aae9c35fb9fe5514768baa61", "f1015c2433c682484406823cb7a4c5b2", "0f5c5627da0875e621108c8be60c20b9", "ac29c59cf7e4a4bea5db4aa9e926469c", "7cea2b4a9524829024fd6968bc32ca4e", "1ee1bada84275da96b5665f237f42756", "e59a10c8fcb8292c073ebd3e0ff68cd9", "689a27fab6edb5fea4351d40960c6e0a", "0a543e928d1f3037765d747a4e52b355", "f5777c114ba1f6ebafb0bb1e9c22f238", "17a344acd9feb7806e8e52b7298b120c", "6856ea03884716feb24bf4039fcdcb20", "6600c4664d8f20a8eedddf0b479118f9", "6adf632f01f1129d11fc5954344554fd", "1c248f7c550cf719291f4be19ba7ddb2", "2a60c75e4a0ee829ccebc1fe0f6d6722", "ba734d3b779f079781f6d74201697598", "3e4484a7e23b6ec405510e7ac06d2b34", "2c610cf8a0b0c70b14d335d9724b71c4", "786622486969043c37f19e2ea1967319", "b4a343504ec53e1f840d10b29d6df0eb", "a78de05ff53f1d9fb05a010cc3550e1f", "d116c5dca635399b35d80eab42c8c958", "bb1ff51af2c9fd20d382f700b77e3dbb", "72f982824cabebd3d0cd2a887aa68160", "030482f57ab52301ff162cb1a2c0bcca", "11a14c04640d2953215ad32206c23ce7", "827b196ba481a1bb91f8672c21354f53", "7eb726939c50382b90fed98b6ab19552", "6e2b70c865887f33124d87b2b32a7098", "915c72d9c0d0e93bfbde0f1490c461f7", "0347c2360c415d905f1af28407cfd655", "45c3a0d7c745155fd1490c8a0ad00187", "5e8035f891b18349f3dad390f0dc661e", "617290fe92b28f5adff857d856cf6697", "d81ef1f6a9d486cf69370227c622052a", "e7ee108377fec035e80a3f26f273d5ad", "aca073598d8342f353dda3746de72b14", "9c684dfcf2a00734cda6dd72d021e13e", "1a9b7e061af6a10bcd168533e6aafd75", "33b44f21c2e4d8b8df73379d85e23a2b", "fa4e9e1578d25cdf01cf112c805c0ccb", "c7c79c847a1d050f00effd2041301548", "4fe53814eb3937318ca0cfdbf9cb8281", "3331a3d8d38fbf3c4c1cd0ca36e2477b", "f087b6577a655f74eddea2977f9dcb32", "68c416da2d481ea9a01c56d85f44b2c3", "c7d3b55844007fbad68cb333489e56cf", "f10bf176e3a85479c667fa2dfe67a4ac", "65bb561e7e1fc6fefa4cd666e1c29b71", "46527bf8cedcd4f23c036988b07c0d09", "6597add4a25108988487d8f6b91557bb", "f150d87f914b639a391ecd17ff8abf02", "07b8968dd441eaf403914669cbffd2fc", "acdc61d749ec4744e27c865446c65b57", "2be8b31b7d1a121b14b34f29410661d4", "37e0deb1ca01e018f66ef3fdc6079120", "0320f641ed26554ca0b4784e9d79158e", "cbdda3d5d6edb1632d6b4c5b1da7136a", "2822e2e4624834746e20afcba5552c5b", "cfedfc70a7fcf9dbcc53bbea52efe496", "30773cd82eb26408a03df2052a0934be", "d54ffacce7924e708e779a924bc5e9ab", "58207668c4dc952c937cdb661cd88841", "7f67502ddac232040b1b15539b06089d", "aee7da52700b936b2695278c932bb631", "53826c921d88ebd060f5f23425fbeca6", "b68ea0b33f904e362223c08e2d4673ed", "a00e7846fc65776db10616eb8fea3fa5", "98887030f6f4a354d486fe9aa415ff50", "447d48b895b31ba1cc907beaf1ba4816", "cd2b46e029aaf8053032fb8eeb3ac620", "225271c1c80ea7c6be115395ab6d2734", "bb131f27cebc3fe10fce689b43072068", "b278889f5c2f4adb21ddf6773a5df986", "f8bb69c81903ba00709eda1d980a72b6", "9e6710493d199f367e923954e9e048be", "cd7df21e8b6ec98b4aba52c69845ebd2", "18a79d81f3fd33d35b05c7a3c0af37ac", "e44ab9d3f5bc96977f6076c320f751d5", "911dd6a5f0dd57a70a7a86ee8859d7d9", "39871eb687eb0c4957ae2b76bc5f1e14"], "id_to_hash": {"0000": "ef8662567e7df8903f27ca4b0d2ab27b", "0001": "5b24ae9333988709721ea62c68673d52", "0002": "c37d8a9b88f3bccf80f87903f05b03f1", "0003": "2898d03f7dbdc054d102b2659a3407cc", "0004": "ef63b87350671199a2be469cf457bccd", "0005": "74b9c7a3a8bb7b87f9f9f4a549ea939e", "0006": "07e47c7e394f649715e484596b8529a9", "0007": "0943c985936996170c98a32f249b0395", "0008": "2ad5c3268d53e046aea27bcb3413cdc9", "0009": "82598f6aee659274dae50f575096b937", "0010": "8abd33d400c113a86079fb9b9e7ecf57", "0011": "ebff7514ab7a34b4faa7a0969d81a141", "0012": "f0c82ea21eef8750d080ad45883ff0f4", "0013": "62c7493495d69cfdafe9a261e91403d1", "0014": "38625cafb5d1a286acb9859494500d93", "0015": "ba734d3b779f079781f6d74201697598", "0016": "b200958a469c6e5ca828f05ac59fe580", "0017": "ecb27078922b83b1edc2aca8f9a9fd1d", "0018": "03d20b53e9767541a85f7fb4d46100a4", "0019": "b40cb581106aade71a994422fe97e499", "0020": "3d2032eb65a642593a890d2791001f57", "0021": "ad855568adf105f0bc9ed87f1809e6b1", "0022": "c84cbf059f613ccb15b2285a3e1cef5e", "0023": "0133a9548bfcd6eed95418504b5be978", "0024": "11a14c04640d2953215ad32206c23ce7", "0025": "f0e99b518b2d5dfd435831038346d6a4", "0026": "4ef5a6f80ea64029f30eca7386d45cc7", "0027": "de307c8ea8eb7b30c23dd18995f950b3", "0028": "447d48b895b31ba1cc907beaf1ba4816", "0029": "c8690588acaf85e4cbb2312742e5bfd1", "0030": "124823a90b7aefdeb2ce72650ea71695", "0031": "196cd6a1c0695ab0632054c4dc7efc26", "0032": "030482f57ab52301ff162cb1a2c0bcca", "0033": "b3f1493ce32c30040222ab6fe0699fe1", "0034": "1b51d5d26c9c323776efca923e28a6dd", "0035": "1c11ea5eba2f70f79df553b27b97a36d", "0036": "c025f75e8eece11dd744a24530cfa773", "0037": "6f7a1d9edf1b6beb2d00f6d15285f6fa", "0038": "d09add13396d0049d58420a35463e05c", "0039": "8c41833eba0bc71bcd65dbfecd78f2ee", "0040": "4a363e7d657be9c686a1c111bfa8f5c7", "0041": "116d6f0d91367f81cdacb4e336563d1f", "0042": "a7a2360ac1e78093369140344b4ad0ac", "0043": "9cdc40291a7c25dca75f4247a78c4f01", "0044": "cbdda3d5d6edb1632d6b4c5b1da7136a", "0045": "2d42a8b1484a9f3645c70128e206f97c", "0046": "9a32e72080abfb7efbf72c4c46dfb746", "0047": "83985c916d10c883b1385c3bca0c2b62", "0048": "192ba735aae9c35fb9fe5514768baa61", "0049": "93ca51b4b4e807cace931a76a1219627", "0050": "79128cf1f60cbb2e2fc657fdc54352db", "0051": "b3103e26b0656a8132ba93a0fd37d87c", "0052": "30898446d7d9aff794764d5524b1e038", "0053": "79716777e83af617abfa3698aa606ae9", "0054": "4b656e8436ab2fff42155040708dc2f2", "0055": "51ff1574808fa2c952b11d406cd6ccd1", "0056": "20b9654d9bc222285dc8669243f3a125", "0057": "d54ffacce7924e708e779a924bc5e9ab", "0058": "00c3aa2c658ec37e903b7efff89ec650", "0059": "4fc866963fb7dd4e18a9be95b31ba1a3", "0060": "e3e908479b586b55f48c872f8f894f4a", "0061": "e0979be3cb2b61359da6352f2fb52587", "0062": "7238fe2bb7b03519c325b207415a34f9", "0063": "03ec6550a71447f47bc7447acdf723b2", "0064": "b2b41f0be1f6997598e26e1ce1cfd78b", "0065": "44f91bcbc987fc47bcc9a829807389e8", "0066": "61d45ad12352b6747e87a0ee85fb31a3", "0067": "fe79e2bd22aa295338e6929373a54bca", "0068": "65dc00706e5bf6f95fb63d46c929994a", "0069": "a7cd96a14ff56f7c6eb42fc7eacd908e", "0070": "0e83df66f699c64d7f09158aa859fccb", "0071": "e41d5cbbdcb9818db70e623915d39c03", "0072": "9e6710493d199f367e923954e9e048be", "0073": "fbbec700ad71791546f0422dc73cb4e4", "0074": "497ab662d27de435d7a85ea6192d10c7", "0075": "51074503c17f7481152309646001d604", "0076": "cfedfc70a7fcf9dbcc53bbea52efe496", "0077": "f8f11784e266d3c51d849758cd4f5155", "0078": "b8a02dc9c0182ce12c129fa19deb6214", "0079": "9ba20549b2496af952be4cd1dbd1d782", "0080": "847854bf82d04997f709afbded90bdee", "0081": "2ccb31646d8c2dce8dc2097efd3ef7a0", "0082": "799e6c01689497ae99194279ba9a8aa9", "0083": "c5ced47a338e08fca728436400d12daa", "0084": "8ff7e6dcf7c89caf07aa023f1ed76f98", "0085": "b78a50b792cd3fe426a67fe68f4821b1", "0086": "7602b637d185e279627f16a2f5a9d326", "0087": "b538d4f80aaaf6055dfe52dd0528e7bd", "0088": "5e1391111d2f24b8e99151b8307fa42c", "0089": "cbf70765c5f5caade6597b7c7e75a1ea", "0090": "2fddd74d17bc068465d987c6cdec29ee", "0091": "472969ae98bec9e5f7109d1b1887ea8e", "0092": "046cbeb2631231eb80fb7b8d995b5ec7", "0093": "5bd45628fa45a7cffe4ab73b5fb22b97", "0094": "e84fe2f3f97df710881d5e955a4858d7", "0095": "97efd645b32658668cb06eddad4f4b37", "0096": "84fcbc6ab0d61ee98285717c3f636ccd", "0097": "bacd9aa78b0596b45044a4c0efd9dee3", "0098": "f150d87f914b639a391ecd17ff8abf02", "0099": "c092c16a531da3f64e29bdc3bf81fe3d", "0100": "7cea2b4a9524829024fd6968bc32ca4e", "0101": "af2d1c120fddfc9f4efd20647292de38", "0102": "1ef3d09e54506054cfed3d6cc207ad98", "0103": "d2827ea62145751c3ea2e40ceb69848c", "0104": "959c85d8d7e681f084bcf883c9fe7cc2", "0105": "022b0378f417073ad6538cca76f476c4", "0106": "17c9416a015de2a7067767de4c7981fa", "0107": "3b403518c6b88dd946e9d352f3b1ddce", "0108": "153874e1cde59c08753d15631264c648", "0109": "52f8ab6dae86d7b7eaebd60a44d13a10", "0110": "42285c1bda2ac62932fa2ba82b9354b6", "0111": "7bfbceee005c3b8e99c02847d657890a", "0112": "65c684cbd76e8630ad4a7c1034569a3c", "0113": "d116c5dca635399b35d80eab42c8c958", "0114": "253f91579b11c292e1c0495e00556295", "0115": "2316f4bed26088a6d8ffc6ffb7721774", "0116": "d7b7a653f023cf1bca41d5b912726345", "0117": "e3abd1efa334ae5ea54eaf6dcfb8d6e1", "0118": "45c3a0d7c745155fd1490c8a0ad00187", "0119": "a00e7846fc65776db10616eb8fea3fa5", "0120": "2c610cf8a0b0c70b14d335d9724b71c4", "0121": "40bc0b7c9f2d02747ef2be43b270f7ac", "0122": "7e5bd62daf407adb3ec35d9985bdcc29", "0123": "e18a3a6122a66abea8a478e0e60d7c9d", "0124": "2494a7feab1092c4359c2010175c39f2", "0125": "ed4fe0e0ce99ad5630b8b1920bf1cd25", "0126": "dafd80597067b88c3e7cf291d16ad446", "0127": "4befcdc925db1c8f37ebe724d1452ae7", "0128": "97f92e4e576b00fbc7d7d753ebb022b8", "0129": "3a8e4a59b974af30695fc8fd84e170ac", "0130": "7f67502ddac232040b1b15539b06089d", "0131": "9708dd38672da976153dd4abe41f8c0e", "0132": "5f9beb21be8c0dc86ff5238e2cbd9739", "0133": "c1180187ea15363764f4b401d3f34013", "0134": "ac29c59cf7e4a4bea5db4aa9e926469c", "0135": "98887030f6f4a354d486fe9aa415ff50", "0136": "7d32d9bfe472959e1b6a159debde41ca", "0137": "102d34552cc6829f70416cc756eaeec9", "0138": "26f8b4329d971d19c82483a38c540a0b", "0139": "8ba19b52c4c62118a0cd022b7f2e7bf8", "0140": "4165291274411c778e5968a148ec9391", "0141": "b30ca1caf55d43b38cd77dcf5ea6792e", "0142": "469dfe156dcfd6502732208871d68035", "0143": "56b1c1c9279effde2912fdd3c46bf815", "0144": "37e0deb1ca01e018f66ef3fdc6079120", "0145": "4fe53814eb3937318ca0cfdbf9cb8281", "0146": "26c85ca7e0eee4d7274d7b2e69f5a74a", "0147": "46d0b4ebcddc16febc2788590f5508bd", "0148": "fc6c41611f93b251e4c14cabcc062488", "0149": "3663f5b6d9cfe85c131370875c012146", "0150": "225271c1c80ea7c6be115395ab6d2734", "0151": "f80a99fd4c9c646530794da871e26ebb", "0152": "021b03601f975af3a5c183e03c1a5cc8", "0153": "52ceb1910b57c584a10d89c3196b0b43", "0154": "293bb4aa5ceb75084e753f62005ef119", "0155": "aeb5917ac1716f01b6b9164402eb6e3e", "0156": "c1d04cf80d9ca4b37960062d724c1ef7", "0157": "68c416da2d481ea9a01c56d85f44b2c3", "0158": "aee7da52700b936b2695278c932bb631", "0159": "dc016afd90529f598243747242a351a2", "0160": "3398733256d6f57dcbc15e0b65a18645", "0161": "dddafcfa69522a23c24218799f8a9d11", "0162": "678a047744734680dad1b1ec9c8a4f2c", "0163": "e5a7d8b7b9d0d987b38b1eded7c58f81", "0164": "faf51e6266ceaafd10d1df2024fe157d", "0165": "46527bf8cedcd4f23c036988b07c0d09", "0166": "80c1e61a231eeabb75af37226b290c0d", "0167": "e6e7e6767f40741832c74e28abf59f89", "0168": "f322d0ef7281d954eadc01d8d637cd4d", "0169": "2cc492dee588b0d47d904df6998def33", "0170": "7163ddb5a0181a528acc85d6e3d92c31", "0171": "cd7df21e8b6ec98b4aba52c69845ebd2", "0172": "2b7e7a3144b51292a352bf459599fce0", "0173": "0ec0177ff95f4906f614e6401964235f", "0174": "1965be2b5c6288afda7fe34ec51b8288", "0175": "bd027aa642b92cb00154fa342447f3fd", "0176": "7009e8da39b14944dfd6dee00e870c5b", "0177": "b0d40e8ec92bf56654be2d080b54b704", "0178": "617290fe92b28f5adff857d856cf6697", "0179": "8d7492493d36e26db6499382cb895f17", "0180": "cbebd12d515d5dc21a470a83e7d3904d", "0181": "25bf912e931cd682008ec420546df21c", "0182": "ae465c7c63a60a458dfb76742b4c6e72", "0183": "0a743f9d94229d2205b8ed0a6e7d09f3", "0184": "3cdf76df217b63df4c8d2a2827b9bc5e", "0185": "fa2a08c94f28a1acb7aa107f410611ae", "0186": "5cd3a7242b90436f33d7743a287d532b", "0187": "23f8e6fb5905593fdc6ae90a49ed5e32", "0188": "6e2b70c865887f33124d87b2b32a7098", "0189": "46242f941506a094e3f5e503976f8ffa", "0190": "c5cd802f8d4a10cd2863c2a56bdbe181", "0191": "5500724d55182fdb5a2e7fa574bf0549", "0192": "5571f1ad6789d0c18d43a0d38ea74a5f", "0193": "11d7fa7a27814a82dd76359340d771d7", "0194": "acdc61d749ec4744e27c865446c65b57", "0195": "a46b06644b365edd9de10ba623499eb2", "0196": "b1613b365f8568f452a117f87a76ad53", "0197": "172846c55d9db3beb09b61759a8a8fcd", "0198": "dcd14fcb7b316f9e25a0564c834e5e22", "0199": "b7243f8beff07f6cd0f0a697e8221cdf", "0200": "775e5c853c761b2a414548d995f688c1", "0201": "0e97de7cb1f996f5115ad0209b33fa07", "0202": "cf30d9f2b737fedcc05dc98541f2ec1f", "0203": "84a96a3294cdffdfc04e9b9c855a574c", "0204": "e54c67e8b96ff8222f9776e73a80247f", "0205": "08496c4f24eb3a3a8c002c022373c036", "0206": "ec0b0fab1ade261febaf93ecc90608de", "0207": "12c3e679f3b79865aa2da9415a6a7dea", "0208": "e71c6bd355994e51552c14afd1dae18f", "0209": "33b44f21c2e4d8b8df73379d85e23a2b", "0210": "99a00a16771fd4d31592f3046da7d3ab", "0211": "1c88f232d21940021623e5d0c4fe2d94", "0212": "f2e0dee283722e52517bd21a15bd4b05", "0213": "ea1f1123d5055409dc15ad14f0795510", "0214": "a030af7ff0f84bf5fb8324b16b3f710e", "0215": "63ab5ce9d7ab15712660dee082ddcadc", "0216": "2507a26349df0507ac52f1293e09be0d", "0217": "46fdcc601d3c825c79ad4a70334aa0ea", "0218": "1badddb0dd2b30444d7af53a05a90327", "0219": "11dcf6d4bd23d2b97c4117c1c41991a8", "0220": "5f1b1d53d420bcfb343c63c5b5f02971", "0221": "d01c41255e8c22e1b710fdf88d84c69a", "0222": "50a1a1f536adf0845b906898496b7fad", "0223": "cfaa667743c12a2b0a3851cb47a849c8", "0224": "c4143347ca28bfa0402a7402688b806e", "0225": "17a344acd9feb7806e8e52b7298b120c", "0226": "6daa08ab5e3a2fc1759870908efe93ad", "0227": "66decb5f187e352dd6e681baffae156c", "0228": "dc70916eade42d1c942af3c191077790", "0229": "bcae3b14d4e3f303370368b7e7762c60", "0230": "bb1ff51af2c9fd20d382f700b77e3dbb", "0231": "4e4cde8194b04968876b3bfe3d15315e", "0232": "b046115bdd6bcff1bd37d14d3b23b64c", "0233": "223c1ccfd4e8b2a6ac3a0eb98ccc6920", "0234": "f9145400e42c34af52508ff049984da0", "0235": "bfe35fb4ac0b6226deedebc32a0eb799", "0236": "cf13d0c786b31f8bb69cfab6e01e26bc", "0237": "4701b11165133bae5a06d6f032b231c3", "0238": "5e8035f891b18349f3dad390f0dc661e", "0239": "aaf67253067724412ad34d165cd8b8f5", "0240": "c3d1b32c85a284676cb00068a07d262b", "0241": "9c75e102f5c3f182c586da6f53722a3a", "0242": "b0a9c7b08005085a05b49c6c7468393b", "0243": "3b1fd4c546163dd2e0f9d658f56d2762", "0244": "bd9860a3f7fb2cd2f301b8333e975d06", "0245": "735ebf17a9fa544fa36e9ff56f1e8ed5", "0246": "2e8a82aaa4fb7098b7faaf30ce475eb0", "0247": "b1d0c9b7ba3b09ed56cc6a2538f89fde", "0248": "b68ea0b33f904e362223c08e2d4673ed", "0249": "237d339d7dcb735835eb0ff16908be82", "0250": "fbbe48ca600d8cde3a08b3732874994c", "0251": "18a79d81f3fd33d35b05c7a3c0af37ac", "0252": "32ce3ddda411f99444a7a382a478fb43", "0253": "e4c200bb0fca4299616e11f3e8744791", "0254": "20f1c80269d5478d321cecb3536d6513", "0255": "72cd1edbceef44598ddcae9ec9ca46a0", "0256": "0f9768d53f7e4c0a833c36295cf59e72", "0257": "004265f8df8fdd5f8fbc6c6539a8f8c3", "0258": "3e9d349af2fc62fcdbb5b09966f324a3", "0259": "293ee8af80664b00ce9b9b099a54d702", "0260": "1c248f7c550cf719291f4be19ba7ddb2", "0261": "30773cd82eb26408a03df2052a0934be", "0262": "cc729759efba88ba6a224deffae44701", "0263": "d3b983ebc787dc9a1f32bf6cb2c685d1", "0264": "d83d7498a65b39e44970f7d00ac9db78", "0265": "e44ab9d3f5bc96977f6076c320f751d5", "0266": "db7d5a80a5cfc716a4ddf69a1c39cdac", "0267": "f95dd662b13fc4c99d771f86737cfe41", "0268": "ec6937e7d2a62000348014cb274f00d3", "0269": "518243e2c1fadc3dc7b4cbd0077bef2f", "0270": "94fdced12c57c74078c989d1cff801de", "0271": "13f99954ccd77bf311d1273190f0a74f", "0272": "ba26ecd905999e25fb29450a78fb6358", "0273": "7f6d23dbfb7c42c491c3d10c59b3f599", "0274": "37884c9ffb78093481645da522f968fc", "0275": "ef970090df1ce7ade8173a949763e1b0", "0276": "a808b4f1f4e1b94ea2ed15bbfec7db80", "0277": "1ee1bada84275da96b5665f237f42756", "0278": "83c87595a2e6119d669d70b95e057f3a", "0279": "9c684dfcf2a00734cda6dd72d021e13e", "0280": "a78de05ff53f1d9fb05a010cc3550e1f", "0281": "c5b9bec8c0bcacd74f4aa33d39993813", "0282": "2fe9b0d05e03a2ed2f5ff6fc36d92051", "0283": "67e20f5b8b064c73fc70accb09040987", "0284": "eacce17aa5c6d314f1320a5292313255", "0285": "23eea16d4c919b2bfd8b18862b65f7a9", "0286": "6856ea03884716feb24bf4039fcdcb20", "0287": "b522eb296d7dbb03cbf9e96356860360", "0288": "743c619ed680e7e81cf7ee662b3c8799", "0289": "6fc279e0ee75c89fe83a105b45157e8c", "0290": "584915385ba04ed57f8b08d7d9dcd699", "0291": "a179c8d41aa271055dcb0cb4865d6e81", "0292": "67aa5321c0b7c3361a3b7e383315cbde", "0293": "65bb561e7e1fc6fefa4cd666e1c29b71", "0294": "7b5df05abb34b7d8d12d125a921f38a0", "0295": "6d20650f431ecc0c3876d2ab743b6104", "0296": "a25c58a80b69715f5400d3d36a1ba77a", "0297": "c7d3b55844007fbad68cb333489e56cf", "0298": "fb08d172f6a799e1e1bc5928f4fe48bf", "0299": "6adf632f01f1129d11fc5954344554fd", "0300": "45f65d6550e68278279cfceca8c43fc6", "0301": "e4271d21fd731e34493c9b0d54e450bb", "0302": "fa918d69ae22fe49ee236b0301d9ad13", "0303": "8548461df15a654dbf2ea193c48936f6", "0304": "d652a36f95a1fa6bc312f8af77dee5b4", "0305": "10df06a0364ffdec5c496ff04ea4702e", "0306": "e9d12c504e94e088519d5c10d57051f4", "0307": "dd803e92aacdaca8642a0cce7b1c7a17", "0308": "f8bb69c81903ba00709eda1d980a72b6", "0309": "8ed776772c25ec6656b878d2e2cc7632", "0310": "34c75ddc904c13575c5da981f7304cb0", "0311": "1cdbece2b8ce7567baead1d85af85702", "0312": "7eb726939c50382b90fed98b6ab19552", "0313": "fa4e9e1578d25cdf01cf112c805c0ccb", "0314": "a56b30802a1671700ffff2c78178841b", "0315": "e7ee108377fec035e80a3f26f273d5ad", "0316": "993f13ce22831f61db0f67a566f533ab", "0317": "5667fd219c9f6da80b3cb212e1e45014", "0318": "911dd6a5f0dd57a70a7a86ee8859d7d9", "0319": "50a44e36af5ef80238f68972dce9522f", "0320": "92aabca125f9d5acf2e80a7d64edf1f5", "0321": "5095622a0450c633d5859281b7cb6c64", "0322": "d2aeb7efc633d5b266fcad7665d45830", "0323": "40902e8e3e116aee1d74a054cd525fa2", "0324": "673822b8f33819172fe49cc2cd22863d", "0325": "aae92e2458befb0f8f1d3e8430412335", "0326": "e8c73941e79b08e44d4988c82ae37480", "0327": "15703e2ece3904f090ab57628ddf63fe", "0328": "f10bf176e3a85479c667fa2dfe67a4ac", "0329": "5fa32d5cb9a87c04a21e6ee8792b5a48", "0330": "b6c2a2fd84594eb601474897403db8c5", "0331": "1a9b7e061af6a10bcd168533e6aafd75", "0332": "b42a706da928d278f3e0a845f329c723", "0333": "ad4a6a2338410fd12dbc2508ef6c3ad2", "0334": "c5aa976f2f7b86c41fbbe5fc83d0d0b6", "0335": "cd2b46e029aaf8053032fb8eeb3ac620", "0336": "700b8cd3a6d1b4460f3f70e0e817ce26", "0337": "b423aa3501d597b98a15138b03afe771", "0338": "c2c2ffbffda606adabf24cf8f210ff85", "0339": "9d8517451003f7f67c6aaaa7b0e2c674", "0340": "7a100de096500de3cef8b297561adf02", "0341": "301ecd98e910919b96246bc4992a9f2a", "0342": "36fd9b39a2d80a79ccd969e653976b8f", "0343": "e5bbb52f0de7f46c5feb9dabc79b8381", "0344": "674caaea93c3aa912f2b9c41731146b9", "0345": "c60161983a4bf2ac05c7c397cb0bf4fe", "0346": "b8da7e55de2b6af5f519aaf512b355e5", "0347": "f087b6577a655f74eddea2977f9dcb32", "0348": "dac8940ca2b0e378e8e00732f1d02c9b", "0349": "38283dff9a49a67379bc1434821006dc", "0350": "7b4f061f7e07a1597e6b315fd6cad5b5", "0351": "f58af21bcc00e247f4072120ce61940f", "0352": "133b03702b23502824e464fdda79ae50", "0353": "08026d937d28742c33a2442ec0a13962", "0354": "20d600f5139194501fe990ae2a58e641", "0355": "cd2134c2e1bc49d2d20310fb14388cb1", "0356": "58eff9dc8db3e28dd3165422f4e702ee", "0357": "f1015c2433c682484406823cb7a4c5b2", "0358": "621886972f6f54167d67fdd7c7205c2e", "0359": "915c72d9c0d0e93bfbde0f1490c461f7", "0360": "975c117008202f302785ea309dc5a33c", "0361": "2822e2e4624834746e20afcba5552c5b", "0362": "ba85e36b8fe54b41f0fd728d57c92744", "0363": "4798ac6a8f81aef7b946d55b549727a2", "0364": "dd72cd26fded11e4a22697be6e1c306f", "0365": "e95e71c103a51b6c5ba580ce3e8821ba", "0366": "74b64ca8700e7c903cc200215d16f24f", "0367": "61aa86cf56d0031df7f3c06914e0dfa9", "0368": "39871eb687eb0c4957ae2b76bc5f1e14", "0369": "94c08e24f3e21eeccb1f939f1ae466d2", "0370": "0347c2360c415d905f1af28407cfd655", "0371": "8105c0446af08d2ed7a05a2840ba11ca", "0372": "08dc30da87ad0ebf9e9806f1bd47f07e", "0373": "596a8d6c89960c25361d17868a163364", "0374": "b4d693214486a13631ea2d0df7b26fd9", "0375": "786482918aedc2c647429a2569623ac3", "0376": "23afc81fdd553f3004e25fe6b749f038", "0377": "2be8b31b7d1a121b14b34f29410661d4", "0378": "ce168088cbda5cd5f60cb626b2992501", "0379": "3317cc5318287937e6322614bb585c5e", "0380": "c9eb8f4eea42f3c9dcc2f3536b487873", "0381": "42ab7478f336a005c2c49ee7537b889a", "0382": "e59a10c8fcb8292c073ebd3e0ff68cd9", "0383": "3bf0f13fabd125fdf49c94c64814104f", "0384": "40c372f62e185543e8e177b7b7d57157", "0385": "0718abdda2419b4d11a50c32947767cb", "0386": "1ccbaf7886b37dd89953a6e138f5855f", "0387": "ee2cccbc0369549fe076c73b65d9dab6", "0388": "c733e37679a2cd556487139a8e7833b6", "0389": "fd8d253a40a3475210b28ef3cac22c0d", "0390": "23d0b0f79163d73907207662553f9e19", "0391": "142ac35d24ccbbb33c0f4c923551bfc3", "0392": "4a351177be33a21c7cf4f1cf5acfdab0", "0393": "9cf219804774ccca58c915f3c242a537", "0394": "b4a343504ec53e1f840d10b29d6df0eb", "0395": "dd67940044e6d23d59829ed70a2d0d02", "0396": "aa598fb1fe281707081c007252537dbc", "0397": "0f5c5627da0875e621108c8be60c20b9", "0398": "482e9a5b3e3ef26e2b43242bec93b582", "0399": "30538c3cdca3ad492f232cfa00c372ee", "0400": "5343cc6b4ffd931004ba22c95efc47d1", "0401": "6600c4664d8f20a8eedddf0b479118f9", "0402": "58be3930b03ed593e21b68e5f508856b", "0403": "3cc6dc381fc1e5564062081eb4d8f87f", "0404": "1109acf00a8367e13a733915a205747d", "0405": "2a60c75e4a0ee829ccebc1fe0f6d6722", "0406": "ab42181cc5e4fee6263aaffe47a60b21", "0407": "ca6600b2efabfb634266644a5b85b98e", "0408": "c3d548c3e1a6b74309a1afe86a36ee8c", "0409": "138c60150368d17b0587f4feedbcfdeb", "0410": "33688b8de044101d8496f456b437eefc", "0411": "506a043d6cd1860b0df9ee6c19c1445a", "0412": "3e72e96cc45d56dc16d534815eb14fb0", "0413": "094c9a4607c867d40792bc49c7bba55d", "0414": "242b477fdbf538f7ed1b9be99726290e", "0415": "54d41f877d0a98e4e247fdd38f3364ec", "0416": "28e8ca215501aff01d240ddff3be9caf", "0417": "827b196ba481a1bb91f8672c21354f53", "0418": "6597add4a25108988487d8f6b91557bb", "0419": "41fc856724c11e9d1d0341c0044ecce6", "0420": "e7f4e3930feac96dc64659dc503bc6dc", "0421": "0f252f4fc2ad87186ef07c17dcd8ca26", "0422": "884af5825c4bd99e411773c9368abe13", "0423": "521e2e8c2e0461f93679525e3568f366", "0424": "3251589076e80cc505642196fee0499c", "0425": "cb37cdbe2ff444ebfff9e6e44f640bb5", "0426": "4a7b64c5cceff4b0c50aaa8004acbc4b", "0427": "9944e0d59109d1159409d1f0f5c1de0a", "0428": "c04391687b41e1cea37504f28a2bc723", "0429": "63737e1accda93333b586b5a3c805fb5", "0430": "a2087596029e07648a1d4f7e73eab804", "0431": "3aa364ae8cfcb2c66f2bc4182bd3573d", "0432": "2ecfbb05d2a0e2d6811f2c653ba5aa9f", "0433": "d154a3f7836e56cbbf10f73a03c68728", "0434": "3331a3d8d38fbf3c4c1cd0ca36e2477b", "0435": "2dfe2736ed4aa24dc4cd27d43c4b50b1", "0436": "197b4b10aa5fe5b6d89b3f96efae6c3b", "0437": "29b4075327189ff2db703083fb5b2c45", "0438": "0cad5ec500d57f7a69094a3753d71d93", "0439": "e27d0afef4eb0f8da5f9195c956e0913", "0440": "a4e19472f24f8af16574b7e0a1528400", "0441": "c3afd78c9bba9d66374e2f25c2576473", "0442": "58a94dfb2e91213e145c4e053d7e0469", "0443": "58207668c4dc952c937cdb661cd88841", "0444": "9c54a6bbef0bc5fd56df6de2d19cb923", "0445": "4052912aef6b05b2f7ffe61a52c2d067", "0446": "616170bffec3a33fa06cf691d34e51c9", "0447": "d81ef1f6a9d486cf69370227c622052a", "0448": "7a9656060735b4720a1df9e8bd91cf7f", "0449": "76b0a8f6118f22e59ea6aaaf2bb7ff88", "0450": "e4d91c56e7f245e78d773671b5bbd27e", "0451": "36a448ba40862ac6ecf1ff4cf2b0ad5b", "0452": "7e197cdebc526aa870cd5db7becd4493", "0453": "2f4fbd1d8c7e5ef2bd5cae15b23cb45d", "0454": "949454d53771aea684fb094c90a25a79", "0455": "96b9c0fa2f9fd669bdbe4621339cf51e", "0456": "032dddd5379475d6adb79bab04b58077", "0457": "e98ee102a002ba741fff714a87b1ff7a", "0458": "0b7c402c0bbec90b416fe5ed29d8224c", "0459": "43853002bee2bf8d38f90b54f17dd71d", "0460": "aca073598d8342f353dda3746de72b14", "0461": "a77a681f361690457de4b0cbfd5219a2", "0462": "8200b254df7324f1d67d23e0531bc5c8", "0463": "22fc76c3ecd9954191921ea3ea89e8cc", "0464": "4322490d600fc44876c84a122237e430", "0465": "af7f9ab8bfcb37dd49e3731e2c52dce1", "0466": "0eec79696fcd95b18fd2e59340606108", "0467": "53826c921d88ebd060f5f23425fbeca6", "0468": "b278889f5c2f4adb21ddf6773a5df986", "0469": "0320f641ed26554ca0b4784e9d79158e", "0470": "9ae10fbc349c789f3caea5616d38637b", "0471": "70b085ee4f894dca5041cc4cc16395e7", "0472": "8aec508acedd1dbbbe759be129803a33", "0473": "6344eebcfecbfa281cd7e7b77186192d", "0474": "bb131f27cebc3fe10fce689b43072068", "0475": "0f7e179a5914148e60f782d591e6b79f", "0476": "e25fcd14794fa9946212a822d96a0472", "0477": "f5e754103bce1968ff11a52c4b203d36", "0478": "124517137acca163a30c62d8686e8621", "0479": "786622486969043c37f19e2ea1967319", "0480": "72f982824cabebd3d0cd2a887aa68160", "0481": "c0336980029583c10b9d962efd5fe12c", "0482": "10e691dfb43fcd6871baffe281ab345b", "0483": "84ba032b1ccb25d61855e0a309c73c35", "0484": "206cc2f21c023ed5dccfa54cc13b09ba", "0485": "3e4484a7e23b6ec405510e7ac06d2b34", "0486": "e27ff68c331ddffd1b93a4e0b6a42335", "0487": "42e61e3c2baf6185219aacb68e007e2f", "0488": "0e8c852925d8e706ee9bf16a2b92fae3", "0489": "ff47a7074e4a73f7e398b61ff8f7c0cc", "0490": "f5777c114ba1f6ebafb0bb1e9c22f238", "0491": "0a543e928d1f3037765d747a4e52b355", "0492": "e3628d7873a75fc765204e0a72c5b512", "0493": "57d5d20ed55437c56e044b497db4b189", "0494": "1108f05cf8ff65c54cd7c6e5a72fe66f", "0495": "469e40d642586588cfa6ac5e9fc1be8d", "0496": "82a445a116c00e6fe4ece325379dcc66", "0497": "7369341ace7e6bc8d10625b4d648aa05", "0498": "7125fc645361718e97206e14aeed6244", "0499": "dd3dfa751650fdf74ea4e486ce1802b2", "0500": "689a27fab6edb5fea4351d40960c6e0a", "0501": "07b8968dd441eaf403914669cbffd2fc", "0502": "2925eda40e7363af29448e636987a75d", "0503": "b4e2bbde7f5005346805ab4ab17ed81b", "0504": "f598dedd5c0462a8471dee8be0f2c34b", "0505": "6c563c66adb18a52ca9c66158ec73fa5", "0506": "9f7b7f659852fb23b99f7925ed782dd9", "0507": "c7c79c847a1d050f00effd2041301548"}, "display": {"search_start": "2023-12-16T16:50:26.769787", "trial_start": {"0000": "2023-12-16T16:50:26.769787", "0001": "2023-12-16T16:50:27.641911", "0002": "2023-12-16T16:50:28.628499", "0003": "2023-12-16T16:50:29.544483", "0004": "2023-12-16T16:50:30.317065", "0005": "2023-12-16T16:50:31.195148", "0006": "2023-12-16T16:50:32.420546", "0007": "2023-12-16T16:50:33.122375", "0008": "2023-12-16T16:50:33.863187", "0009": "2023-12-16T16:50:34.736348", "0010": "2023-12-16T16:50:35.864744", "0011": "2023-12-16T16:50:36.884344", "0012": "2023-12-16T16:50:37.685806", "0013": "2023-12-16T16:50:38.385790", "0014": "2023-12-16T16:50:39.100061", "0015": "2023-12-16T16:50:39.979239", "0016": "2023-12-16T16:50:40.705426", "0017": "2023-12-16T16:50:41.909639", "0018": "2023-12-16T16:50:42.766327", "0019": "2023-12-16T16:50:43.914574", "0020": "2023-12-16T16:50:44.590642", "0021": "2023-12-16T16:50:45.354622", "0022": "2023-12-16T16:50:46.285496", "0023": "2023-12-16T16:50:47.389560", "0024": "2023-12-16T16:50:48.141515", "0025": "2023-12-16T16:50:48.934239", "0026": "2023-12-16T16:50:50.094903", "0027": "2023-12-16T16:50:50.874643", "0028": "2023-12-16T16:50:51.770179", "0029": "2023-12-16T16:50:52.518274", "0030": "2023-12-16T16:50:53.416628", "0031": "2023-12-16T16:50:54.264423", "0032": "2023-12-16T16:50:55.288536", "0033": "2023-12-16T16:50:56.170803", "0034": "2023-12-16T16:50:56.918999", "0035": "2023-12-16T16:50:57.874078", "0036": "2023-12-16T16:50:58.751349", "0037": "2023-12-16T16:50:59.464443", "0038": "2023-12-16T16:51:00.316148", "0039": "2023-12-16T16:51:01.090767", "0040": "2023-12-16T16:51:01.786805", "0041": "2023-12-16T16:51:02.519168", "0042": "2023-12-16T16:51:03.234152", "0043": "2023-12-16T16:51:04.163442", "0044": "2023-12-16T16:51:04.935675", "0045": "2023-12-16T16:51:05.830228", "0046": "2023-12-16T16:51:06.579265", "0047": "2023-12-16T16:51:07.442593", "0048": "2023-12-16T16:51:08.148981", "0049": "2023-12-16T16:51:09.153584", "0050": "2023-12-16T16:51:10.044589", "0051": "2023-12-16T16:51:10.771760", "0052": "2023-12-16T16:51:11.704085", "0053": "2023-12-16T16:51:12.527253", "0054": "2023-12-16T16:51:13.214244", "0055": "2023-12-16T16:51:13.978258", "0056": "2023-12-16T16:51:14.741615", "0057": "2023-12-16T16:51:15.861505", "0058": "2023-12-16T16:51:16.644195", "0059": "2023-12-16T16:51:17.651198", "0060": "2023-12-16T16:51:18.462016", "0061": "2023-12-16T16:51:19.326830", "0062": "2023-12-16T16:51:20.040146", "0063": "2023-12-16T16:51:20.975071", "0064": "2023-12-16T16:51:21.758164", "0065": "2023-12-16T16:51:22.499372", "0066": "2023-12-16T16:51:23.502203", "0067": "2023-12-16T16:51:24.316586", "0068": "2023-12-16T16:51:25.277847", "0069": "2023-12-16T16:51:26.250248", "0070": "2023-12-16T16:51:26.970914", "0071": "2023-12-16T16:51:27.762343", "0072": "2023-12-16T16:51:28.510014", "0073": "2023-12-16T16:51:29.333257", "0074": "2023-12-16T16:51:30.046284", "0075": "2023-12-16T16:51:30.806800", "0076": "2023-12-16T16:51:31.481654", "0077": "2023-12-16T16:51:32.429436", "0078": "2023-12-16T16:51:33.115460", "0079": "2023-12-16T16:51:33.843194", "0080": "2023-12-16T16:51:34.660461", "0081": "2023-12-16T16:51:35.897224", "0082": "2023-12-16T16:51:36.888925", "0083": "2023-12-16T16:51:37.672859", "0084": "2023-12-16T16:51:38.696738", "0085": "2023-12-16T16:51:39.723150", "0086": "2023-12-16T16:51:40.733153", "0087": "2023-12-16T16:51:41.436092", "0088": "2023-12-16T16:51:42.185615", "0089": "2023-12-16T16:51:43.386996", "0090": "2023-12-16T16:51:44.343874", "0091": "2023-12-16T16:51:45.045451", "0092": "2023-12-16T16:51:45.919464", "0093": "2023-12-16T16:51:46.799106", "0094": "2023-12-16T16:51:47.681720", "0095": "2023-12-16T16:51:48.793478", "0096": "2023-12-16T16:51:49.866298", "0097": "2023-12-16T16:51:50.916645", "0098": "2023-12-16T16:51:51.595703", "0099": "2023-12-16T16:51:52.323049", "0100": "2023-12-16T16:51:53.139947", "0101": "2023-12-16T16:51:53.845785", "0102": "2023-12-16T16:51:54.634987", "0103": "2023-12-16T16:51:55.411576", "0104": "2023-12-16T16:51:56.242918", "0105": "2023-12-16T16:51:56.969780", "0106": "2023-12-16T16:51:58.036188", "0107": "2023-12-16T16:51:58.777284", "0108": "2023-12-16T16:51:59.694299", "0109": "2023-12-16T16:52:00.512021", "0110": "2023-12-16T16:52:01.422525", "0111": "2023-12-16T16:52:02.558994", "0112": "2023-12-16T16:52:03.289650", "0113": "2023-12-16T16:52:03.980659", "0114": "2023-12-16T16:52:04.794312", "0115": "2023-12-16T16:52:05.538031", "0116": "2023-12-16T16:52:06.430741", "0117": "2023-12-16T16:52:07.180964", "0118": "2023-12-16T16:52:07.934165", "0119": "2023-12-16T16:52:08.674511", "0120": "2023-12-16T16:52:09.595332", "0121": "2023-12-16T16:52:10.531293", "0122": "2023-12-16T16:52:11.312811", "0123": "2023-12-16T16:52:12.254691", "0124": "2023-12-16T16:52:13.541223", "0125": "2023-12-16T16:52:14.239381", "0126": "2023-12-16T16:52:15.017545", "0127": "2023-12-16T16:52:15.943019", "0128": "2023-12-16T16:52:17.136222", "0129": "2023-12-16T16:52:17.960278", "0130": "2023-12-16T16:52:18.702035", "0131": "2023-12-16T16:52:19.445347", "0132": "2023-12-16T16:52:20.400167", "0133": "2023-12-16T16:52:21.392226", "0134": "2023-12-16T16:52:22.453234", "0135": "2023-12-16T16:52:23.897934", "0136": "2023-12-16T16:52:25.169527", "0137": "2023-12-16T16:52:26.246305", "0138": "2023-12-16T16:52:27.550098", "0139": "2023-12-16T16:52:28.549623", "0140": "2023-12-16T16:52:29.546848", "0141": "2023-12-16T16:52:30.754495", "0142": "2023-12-16T16:52:31.723827", "0143": "2023-12-16T16:52:33.380216", "0144": "2023-12-16T16:52:34.917478", "0145": "2023-12-16T16:52:36.996776", "0146": "2023-12-16T16:52:38.525217", "0147": "2023-12-16T16:52:41.985716", "0148": "2023-12-16T16:52:45.329733", "0149": "2023-12-16T16:52:46.467410", "0150": "2023-12-16T16:52:47.493658", "0151": "2023-12-16T16:52:48.244760", "0152": "2023-12-16T16:52:49.206375", "0153": "2023-12-16T16:52:50.087168", "0154": "2023-12-16T16:52:50.876107", "0155": "2023-12-16T16:52:51.859487", "0156": "2023-12-16T16:52:52.725442", "0157": "2023-12-16T16:52:53.637743", "0158": "2023-12-16T16:52:54.988073", "0159": "2023-12-16T16:52:55.864848", "0160": "2023-12-16T16:52:56.735596", "0161": "2023-12-16T16:52:57.609685", "0162": "2023-12-16T16:52:58.950442", "0163": "2023-12-16T16:53:00.300707", "0164": "2023-12-16T16:53:01.442084", "0165": "2023-12-16T16:53:02.325510", "0166": "2023-12-16T16:53:03.160293", "0167": "2023-12-16T16:53:04.076140", "0168": "2023-12-16T16:53:05.088343", "0169": "2023-12-16T16:53:05.840329", "0170": "2023-12-16T16:53:06.871404", "0171": "2023-12-16T16:53:07.652314", "0172": "2023-12-16T16:53:08.865433", "0173": "2023-12-16T16:53:09.801615", "0174": "2023-12-16T16:53:10.768442", "0175": "2023-12-16T16:53:11.612788", "0176": "2023-12-16T16:53:12.496845", "0177": "2023-12-16T16:53:13.316075", "0178": "2023-12-16T16:53:14.079192", "0179": "2023-12-16T16:53:15.142233", "0180": "2023-12-16T16:53:15.922530", "0181": "2023-12-16T16:53:16.983172", "0182": "2023-12-16T16:53:17.760974", "0183": "2023-12-16T16:53:19.109563", "0184": "2023-12-16T16:53:20.069184", "0185": "2023-12-16T16:53:20.845268", "0186": "2023-12-16T16:53:21.767890", "0187": "2023-12-16T16:53:22.704759", "0188": "2023-12-16T16:53:23.631152", "0189": "2023-12-16T16:53:24.959374", "0190": "2023-12-16T16:53:26.407463", "0191": "2023-12-16T16:53:27.481706", "0192": "2023-12-16T16:53:28.567375", "0193": "2023-12-16T16:53:29.560796", "0194": "2023-12-16T16:53:30.718742", "0195": "2023-12-16T16:53:31.947940", "0196": "2023-12-16T16:53:32.915039", "0197": "2023-12-16T16:53:34.097147", "0198": "2023-12-16T16:53:35.141354", "0199": "2023-12-16T16:53:36.133397", "0200": "2023-12-16T16:53:37.079212", "0201": "2023-12-16T16:53:38.030489", "0202": "2023-12-16T16:53:38.970475", "0203": "2023-12-16T16:53:40.302084", "0204": "2023-12-16T16:53:41.886096", "0205": "2023-12-16T16:53:43.478156", "0206": "2023-12-16T16:53:45.032047", "0207": "2023-12-16T16:53:47.119283", "0208": "2023-12-16T16:53:48.918016", "0209": "2023-12-16T16:53:52.320501", "0210": "2023-12-16T16:53:55.609595", "0211": "2023-12-16T16:53:56.949734", "0212": "2023-12-16T16:53:58.066913", "0213": "2023-12-16T16:53:59.610519", "0214": "2023-12-16T16:54:00.667886", "0215": "2023-12-16T16:54:02.013976", "0216": "2023-12-16T16:54:03.330660", "0217": "2023-12-16T16:54:04.413677", "0218": "2023-12-16T16:54:05.773456", "0219": "2023-12-16T16:54:07.488459", "0220": "2023-12-16T16:54:08.702934", "0221": "2023-12-16T16:54:10.259240", "0222": "2023-12-16T16:54:11.673128", "0223": "2023-12-16T16:54:13.099336", "0224": "2023-12-16T16:54:14.744423", "0225": "2023-12-16T16:54:16.296168", "0226": "2023-12-16T16:54:17.666343", "0227": "2023-12-16T16:54:18.826429", "0228": "2023-12-16T16:54:20.322841", "0229": "2023-12-16T16:54:22.411638", "0230": "2023-12-16T16:54:24.166002", "0231": "2023-12-16T16:54:25.927519", "0232": "2023-12-16T16:54:27.425594", "0233": "2023-12-16T16:54:29.567880", "0234": "2023-12-16T16:54:31.016055", "0235": "2023-12-16T16:54:35.100349", "0236": "2023-12-16T16:54:38.584427", "0237": "2023-12-16T16:54:40.994554", "0238": "2023-12-16T16:54:43.200389", "0239": "2023-12-16T16:54:45.791729", "0240": "2023-12-16T16:54:49.461382", "0241": "2023-12-16T16:54:53.437174", "0242": "2023-12-16T16:54:57.221559", "0243": "2023-12-16T16:54:59.751860", "0244": "2023-12-16T16:55:02.314376", "0245": "2023-12-16T16:55:04.352088", "0246": "2023-12-16T16:55:07.635250", "0247": "2023-12-16T16:55:11.284307", "0248": "2023-12-16T16:55:14.556904", "0249": "2023-12-16T16:55:19.325429", "0250": "2023-12-16T16:55:28.102369", "0251": "2023-12-16T16:55:52.891083", "0252": "2023-12-16T16:56:10.284980", "0253": "2023-12-16T16:56:18.076987", "0254": "2023-12-16T16:56:24.049299", "0255": "2023-12-16T16:56:25.120612", "0256": "2023-12-16T16:56:26.390123", "0257": "2023-12-16T16:56:27.166062", "0258": "2023-12-16T16:56:27.950791", "0259": "2023-12-16T16:56:29.034245", "0260": "2023-12-16T16:56:30.097468", "0261": "2023-12-16T16:56:31.167236", "0262": "2023-12-16T16:56:32.182603", "0263": "2023-12-16T16:56:32.938993", "0264": "2023-12-16T16:56:33.849492", "0265": "2023-12-16T16:56:34.651727", "0266": "2023-12-16T16:56:35.582650", "0267": "2023-12-16T16:56:36.697783", "0268": "2023-12-16T16:56:37.801146", "0269": "2023-12-16T16:56:38.722940", "0270": "2023-12-16T16:56:39.736035", "0271": "2023-12-16T16:56:41.086232", "0272": "2023-12-16T16:56:42.042246", "0273": "2023-12-16T16:56:43.081266", "0274": "2023-12-16T16:56:43.903768", "0275": "2023-12-16T16:56:44.736694", "0276": "2023-12-16T16:56:45.754665", "0277": "2023-12-16T16:56:47.061850", "0278": "2023-12-16T16:56:47.967417", "0279": "2023-12-16T16:56:49.307166", "0280": "2023-12-16T16:56:50.652096", "0281": "2023-12-16T16:56:51.444734", "0282": "2023-12-16T16:56:52.306914", "0283": "2023-12-16T16:56:53.238453", "0284": "2023-12-16T16:56:54.353579", "0285": "2023-12-16T16:56:55.439221", "0286": "2023-12-16T16:56:56.343424", "0287": "2023-12-16T16:56:57.569076", "0288": "2023-12-16T16:56:58.654602", "0289": "2023-12-16T16:56:59.889353", "0290": "2023-12-16T16:57:00.890476", "0291": "2023-12-16T16:57:01.928020", "0292": "2023-12-16T16:57:02.815236", "0293": "2023-12-16T16:57:03.672680", "0294": "2023-12-16T16:57:04.730751", "0295": "2023-12-16T16:57:05.480291", "0296": "2023-12-16T16:57:06.266320", "0297": "2023-12-16T16:57:07.323162", "0298": "2023-12-16T16:57:08.733590", "0299": "2023-12-16T16:57:09.520521", "0300": "2023-12-16T16:57:10.648030", "0301": "2023-12-16T16:57:11.666655", "0302": "2023-12-16T16:57:12.763968", "0303": "2023-12-16T16:57:13.931932", "0304": "2023-12-16T16:57:14.914082", "0305": "2023-12-16T16:57:15.870634", "0306": "2023-12-16T16:57:17.114861", "0307": "2023-12-16T16:57:17.973893", "0308": "2023-12-16T16:57:19.049934", "0309": "2023-12-16T16:57:20.014197", "0310": "2023-12-16T16:57:20.894969", "0311": "2023-12-16T16:57:21.919535", "0312": "2023-12-16T16:57:23.048623", "0313": "2023-12-16T16:57:23.866353", "0314": "2023-12-16T16:57:24.731634", "0315": "2023-12-16T16:57:25.609129", "0316": "2023-12-16T16:57:26.669106", "0317": "2023-12-16T16:57:27.808167", "0318": "2023-12-16T16:57:28.853340", "0319": "2023-12-16T16:57:29.641090", "0320": "2023-12-16T16:57:30.648860", "0321": "2023-12-16T16:57:31.564663", "0322": "2023-12-16T16:57:32.895043", "0323": "2023-12-16T16:57:34.250906", "0324": "2023-12-16T16:57:35.279624", "0325": "2023-12-16T16:57:36.399806", "0326": "2023-12-16T16:57:37.622812", "0327": "2023-12-16T16:57:38.878314", "0328": "2023-12-16T16:57:39.702819", "0329": "2023-12-16T16:57:40.621672", "0330": "2023-12-16T16:57:41.438879", "0331": "2023-12-16T16:57:42.347302", "0332": "2023-12-16T16:57:43.429292", "0333": "2023-12-16T16:57:44.721725", "0334": "2023-12-16T16:57:45.889213", "0335": "2023-12-16T16:57:46.967493", "0336": "2023-12-16T16:57:47.886943", "0337": "2023-12-16T16:57:48.814671", "0338": "2023-12-16T16:57:49.813837", "0339": "2023-12-16T16:57:50.756618", "0340": "2023-12-16T16:57:51.663231", "0341": "2023-12-16T16:57:52.499999", "0342": "2023-12-16T16:57:53.531003", "0343": "2023-12-16T16:57:54.317834", "0344": "2023-12-16T16:57:55.115463", "0345": "2023-12-16T16:57:56.378912", "0346": "2023-12-16T16:57:57.311644", "0347": "2023-12-16T16:57:58.174006", "0348": "2023-12-16T16:57:58.957762", "0349": "2023-12-16T16:57:59.824960", "0350": "2023-12-16T16:58:00.675171", "0351": "2023-12-16T16:58:01.646972", "0352": "2023-12-16T16:58:02.897920", "0353": "2023-12-16T16:58:03.751579", "0354": "2023-12-16T16:58:04.615252", "0355": "2023-12-16T16:58:05.422641", "0356": "2023-12-16T16:58:06.322105", "0357": "2023-12-16T16:58:07.101463", "0358": "2023-12-16T16:58:08.050761", "0359": "2023-12-16T16:58:09.082568", "0360": "2023-12-16T16:58:09.940316", "0361": "2023-12-16T16:58:10.826152", "0362": "2023-12-16T16:58:11.708130", "0363": "2023-12-16T16:58:12.778017", "0364": "2023-12-16T16:58:13.653092", "0365": "2023-12-16T16:58:14.720976", "0366": "2023-12-16T16:58:16.011618", "0367": "2023-12-16T16:58:17.068287", "0368": "2023-12-16T16:58:18.069265", "0369": "2023-12-16T16:58:18.924075", "0370": "2023-12-16T16:58:19.832083", "0371": "2023-12-16T16:58:20.912076", "0372": "2023-12-16T16:58:22.071325", "0373": "2023-12-16T16:58:22.940738", "0374": "2023-12-16T16:58:23.755778", "0375": "2023-12-16T16:58:24.790297", "0376": "2023-12-16T16:58:25.783674", "0377": "2023-12-16T16:58:26.900000", "0378": "2023-12-16T16:58:27.734269", "0379": "2023-12-16T16:58:28.679018", "0380": "2023-12-16T16:58:29.808219", "0381": "2023-12-16T16:58:30.840984", "0382": "2023-12-16T16:58:31.786226", "0383": "2023-12-16T16:58:32.841931", "0384": "2023-12-16T16:58:34.283090", "0385": "2023-12-16T16:58:35.269216", "0386": "2023-12-16T16:58:36.517639", "0387": "2023-12-16T16:58:37.593009", "0388": "2023-12-16T16:58:38.656640", "0389": "2023-12-16T16:58:39.896338", "0390": "2023-12-16T16:58:41.084980", "0391": "2023-12-16T16:58:42.406862", "0392": "2023-12-16T16:58:43.554804", "0393": "2023-12-16T16:58:44.806361", "0394": "2023-12-16T16:58:46.183745", "0395": "2023-12-16T16:58:47.596538", "0396": "2023-12-16T16:58:48.794418", "0397": "2023-12-16T16:58:50.555094", "0398": "2023-12-16T16:58:52.400653", "0399": "2023-12-16T16:58:54.406080", "0400": "2023-12-16T16:58:56.471381", "0401": "2023-12-16T16:59:00.706529", "0402": "2023-12-16T16:59:04.937122", "0403": "2023-12-16T16:59:06.220277", "0404": "2023-12-16T16:59:07.508611", "0405": "2023-12-16T16:59:08.699676", "0406": "2023-12-16T16:59:09.913372", "0407": "2023-12-16T16:59:11.047670", "0408": "2023-12-16T16:59:12.638331", "0409": "2023-12-16T16:59:13.795856", "0410": "2023-12-16T16:59:14.823465", "0411": "2023-12-16T16:59:16.132322", "0412": "2023-12-16T16:59:17.241341", "0413": "2023-12-16T16:59:18.489290", "0414": "2023-12-16T16:59:19.770129", "0415": "2023-12-16T16:59:21.136619", "0416": "2023-12-16T16:59:22.245570", "0417": "2023-12-16T16:59:23.528791", "0418": "2023-12-16T16:59:24.839808", "0419": "2023-12-16T16:59:25.862789", "0420": "2023-12-16T16:59:27.037997", "0421": "2023-12-16T16:59:28.254319", "0422": "2023-12-16T16:59:29.740168", "0423": "2023-12-16T16:59:30.901829", "0424": "2023-12-16T16:59:32.156676", "0425": "2023-12-16T16:59:33.696655", "0426": "2023-12-16T16:59:34.875294", "0427": "2023-12-16T16:59:35.783417", "0428": "2023-12-16T16:59:36.846099", "0429": "2023-12-16T16:59:38.230341", "0430": "2023-12-16T16:59:39.318243", "0431": "2023-12-16T16:59:40.567189", "0432": "2023-12-16T16:59:41.583242", "0433": "2023-12-16T16:59:43.032179", "0434": "2023-12-16T16:59:43.965017", "0435": "2023-12-16T16:59:45.495826", "0436": "2023-12-16T16:59:46.622743", "0437": "2023-12-16T16:59:47.949857", "0438": "2023-12-16T16:59:49.167428", "0439": "2023-12-16T16:59:50.450613", "0440": "2023-12-16T16:59:51.709597", "0441": "2023-12-16T16:59:52.753527", "0442": "2023-12-16T16:59:54.098421", "0443": "2023-12-16T16:59:55.599599", "0444": "2023-12-16T16:59:56.736751", "0445": "2023-12-16T16:59:58.117771", "0446": "2023-12-16T16:59:59.470736", "0447": "2023-12-16T17:00:00.682823", "0448": "2023-12-16T17:00:01.734146", "0449": "2023-12-16T17:00:03.085521", "0450": "2023-12-16T17:00:04.274674", "0451": "2023-12-16T17:00:05.517575", "0452": "2023-12-16T17:00:06.672306", "0453": "2023-12-16T17:00:07.799577", "0454": "2023-12-16T17:00:09.091111", "0455": "2023-12-16T17:00:10.408466", "0456": "2023-12-16T17:00:11.587348", "0457": "2023-12-16T17:00:12.810829", "0458": "2023-12-16T17:00:14.709317", "0459": "2023-12-16T17:00:16.539347", "0460": "2023-12-16T17:00:18.540849", "0461": "2023-12-16T17:00:20.360940", "0462": "2023-12-16T17:00:22.292986", "0463": "2023-12-16T17:00:26.025724", "0464": "2023-12-16T17:00:29.962368", "0465": "2023-12-16T17:00:31.252474", "0466": "2023-12-16T17:00:32.818983", "0467": "2023-12-16T17:00:34.617927", "0468": "2023-12-16T17:00:35.955599", "0469": "2023-12-16T17:00:37.237747", "0470": "2023-12-16T17:00:38.702755", "0471": "2023-12-16T17:00:40.191897", "0472": "2023-12-16T17:00:41.784347", "0473": "2023-12-16T17:00:43.309207", "0474": "2023-12-16T17:00:44.737873", "0475": "2023-12-16T17:00:46.319834", "0476": "2023-12-16T17:00:47.664287", "0477": "2023-12-16T17:00:49.040258", "0478": "2023-12-16T17:00:50.643566", "0479": "2023-12-16T17:00:52.006039", "0480": "2023-12-16T17:00:53.094649", "0481": "2023-12-16T17:00:54.863331", "0482": "2023-12-16T17:00:56.382146", "0483": "2023-12-16T17:00:58.205715", "0484": "2023-12-16T17:01:00.033145", "0485": "2023-12-16T17:01:01.880730", "0486": "2023-12-16T17:01:03.612916", "0487": "2023-12-16T17:01:05.724544", "0488": "2023-12-16T17:01:07.910141", "0489": "2023-12-16T17:01:11.504099", "0490": "2023-12-16T17:01:15.178342", "0491": "2023-12-16T17:01:17.599353", "0492": "2023-12-16T17:01:20.028440", "0493": "2023-12-16T17:01:22.692748", "0494": "2023-12-16T17:01:25.351320", "0495": "2023-12-16T17:01:28.275029", "0496": "2023-12-16T17:01:30.938119", "0497": "2023-12-16T17:01:33.459539", "0498": "2023-12-16T17:01:36.766242", "0499": "2023-12-16T17:01:39.736039", "0500": "2023-12-16T17:01:44.248181", "0501": "2023-12-16T17:01:48.917097", "0502": "2023-12-16T17:01:53.168317", "0503": "2023-12-16T17:01:59.232458", "0504": "2023-12-16T17:02:04.844992", "0505": "2023-12-16T17:02:10.074132", "0506": "2023-12-16T17:02:15.607752", "0507": "2023-12-16T17:02:21.123552"}, "trial_number": {"0000": 1, "0001": 2, "0002": 3, "0003": 4, "0004": 5, "0005": 6, "0006": 7, "0007": 8, "0008": 9, "0009": 10, "0010": 11, "0011": 12, "0012": 13, "0013": 14, "0014": 15, "0015": 16, "0016": 17, "0017": 18, "0018": 19, "0019": 20, "0020": 21, "0021": 22, "0022": 23, "0023": 24, "0024": 25, "0025": 26, "0026": 27, "0027": 28, "0028": 29, "0029": 30, "0030": 31, "0031": 32, "0032": 33, "0033": 34, "0034": 35, "0035": 36, "0036": 37, "0037": 38, "0038": 39, "0039": 40, "0040": 41, "0041": 42, "0042": 43, "0043": 44, "0044": 45, "0045": 46, "0046": 47, "0047": 48, "0048": 49, "0049": 50, "0050": 51, "0051": 52, "0052": 53, "0053": 54, "0054": 55, "0055": 56, "0056": 57, "0057": 58, "0058": 59, "0059": 60, "0060": 61, "0061": 62, "0062": 63, "0063": 64, "0064": 65, "0065": 66, "0066": 67, "0067": 68, "0068": 69, "0069": 70, "0070": 71, "0071": 72, "0072": 73, "0073": 74, "0074": 75, "0075": 76, "0076": 77, "0077": 78, "0078": 79, "0079": 80, "0080": 81, "0081": 82, "0082": 83, "0083": 84, "0084": 85, "0085": 86, "0086": 87, "0087": 88, "0088": 89, "0089": 90, "0090": 91, "0091": 92, "0092": 93, "0093": 94, "0094": 95, "0095": 96, "0096": 97, "0097": 98, "0098": 99, "0099": 100, "0100": 101, "0101": 102, "0102": 103, "0103": 104, "0104": 105, "0105": 106, "0106": 107, "0107": 108, "0108": 109, "0109": 110, "0110": 111, "0111": 112, "0112": 113, "0113": 114, "0114": 115, "0115": 116, "0116": 117, "0117": 118, "0118": 119, "0119": 120, "0120": 121, "0121": 122, "0122": 123, "0123": 124, "0124": 125, "0125": 126, "0126": 127, "0127": 128, "0128": 129, "0129": 130, "0130": 131, "0131": 132, "0132": 133, "0133": 134, "0134": 135, "0135": 136, "0136": 137, "0137": 138, "0138": 139, "0139": 140, "0140": 141, "0141": 142, "0142": 143, "0143": 144, "0144": 145, "0145": 146, "0146": 147, "0147": 148, "0148": 149, "0149": 150, "0150": 151, "0151": 152, "0152": 153, "0153": 154, "0154": 155, "0155": 156, "0156": 157, "0157": 158, "0158": 159, "0159": 160, "0160": 161, "0161": 162, "0162": 163, "0163": 164, "0164": 165, "0165": 166, "0166": 167, "0167": 168, "0168": 169, "0169": 170, "0170": 171, "0171": 172, "0172": 173, "0173": 174, "0174": 175, "0175": 176, "0176": 177, "0177": 178, "0178": 179, "0179": 180, "0180": 181, "0181": 182, "0182": 183, "0183": 184, "0184": 185, "0185": 186, "0186": 187, "0187": 188, "0188": 189, "0189": 190, "0190": 191, "0191": 192, "0192": 193, "0193": 194, "0194": 195, "0195": 196, "0196": 197, "0197": 198, "0198": 199, "0199": 200, "0200": 201, "0201": 202, "0202": 203, "0203": 204, "0204": 205, "0205": 206, "0206": 207, "0207": 208, "0208": 209, "0209": 210, "0210": 211, "0211": 212, "0212": 213, "0213": 214, "0214": 215, "0215": 216, "0216": 217, "0217": 218, "0218": 219, "0219": 220, "0220": 221, "0221": 222, "0222": 223, "0223": 224, "0224": 225, "0225": 226, "0226": 227, "0227": 228, "0228": 229, "0229": 230, "0230": 231, "0231": 232, "0232": 233, "0233": 234, "0234": 235, "0235": 236, "0236": 237, "0237": 238, "0238": 239, "0239": 240, "0240": 241, "0241": 242, "0242": 243, "0243": 244, "0244": 245, "0245": 246, "0246": 247, "0247": 248, "0248": 249, "0249": 250, "0250": 251, "0251": 252, "0252": 253, "0253": 254, "0254": 255, "0255": 256, "0256": 257, "0257": 258, "0258": 259, "0259": 260, "0260": 261, "0261": 262, "0262": 263, "0263": 264, "0264": 265, "0265": 266, "0266": 267, "0267": 268, "0268": 269, "0269": 270, "0270": 271, "0271": 272, "0272": 273, "0273": 274, "0274": 275, "0275": 276, "0276": 277, "0277": 278, "0278": 279, "0279": 280, "0280": 281, "0281": 282, "0282": 283, "0283": 284, "0284": 285, "0285": 286, "0286": 287, "0287": 288, "0288": 289, "0289": 290, "0290": 291, "0291": 292, "0292": 293, "0293": 294, "0294": 295, "0295": 296, "0296": 297, "0297": 298, "0298": 299, "0299": 300, "0300": 301, "0301": 302, "0302": 303, "0303": 304, "0304": 305, "0305": 306, "0306": 307, "0307": 308, "0308": 309, "0309": 310, "0310": 311, "0311": 312, "0312": 313, "0313": 314, "0314": 315, "0315": 316, "0316": 317, "0317": 318, "0318": 319, "0319": 320, "0320": 321, "0321": 322, "0322": 323, "0323": 324, "0324": 325, "0325": 326, "0326": 327, "0327": 328, "0328": 329, "0329": 330, "0330": 331, "0331": 332, "0332": 333, "0333": 334, "0334": 335, "0335": 336, "0336": 337, "0337": 338, "0338": 339, "0339": 340, "0340": 341, "0341": 342, "0342": 343, "0343": 344, "0344": 345, "0345": 346, "0346": 347, "0347": 348, "0348": 349, "0349": 350, "0350": 351, "0351": 352, "0352": 353, "0353": 354, "0354": 355, "0355": 356, "0356": 357, "0357": 358, "0358": 359, "0359": 360, "0360": 361, "0361": 362, "0362": 363, "0363": 364, "0364": 365, "0365": 366, "0366": 367, "0367": 368, "0368": 369, "0369": 370, "0370": 371, "0371": 372, "0372": 373, "0373": 374, "0374": 375, "0375": 376, "0376": 377, "0377": 378, "0378": 379, "0379": 380, "0380": 381, "0381": 382, "0382": 383, "0383": 384, "0384": 385, "0385": 386, "0386": 387, "0387": 388, "0388": 389, "0389": 390, "0390": 391, "0391": 392, "0392": 393, "0393": 394, "0394": 395, "0395": 396, "0396": 397, "0397": 398, "0398": 399, "0399": 400, "0400": 401, "0401": 402, "0402": 403, "0403": 404, "0404": 405, "0405": 406, "0406": 407, "0407": 408, "0408": 409, "0409": 410, "0410": 411, "0411": 412, "0412": 413, "0413": 414, "0414": 415, "0415": 416, "0416": 417, "0417": 418, "0418": 419, "0419": 420, "0420": 421, "0421": 422, "0422": 423, "0423": 424, "0424": 425, "0425": 426, "0426": 427, "0427": 428, "0428": 429, "0429": 430, "0430": 431, "0431": 432, "0432": 433, "0433": 434, "0434": 435, "0435": 436, "0436": 437, "0437": 438, "0438": 439, "0439": 440, "0440": 441, "0441": 442, "0442": 443, "0443": 444, "0444": 445, "0445": 446, "0446": 447, "0447": 448, "0448": 449, "0449": 450, "0450": 451, "0451": 452, "0452": 453, "0453": 454, "0454": 455, "0455": 456, "0456": 457, "0457": 458, "0458": 459, "0459": 460, "0460": 461, "0461": 462, "0462": 463, "0463": 464, "0464": 465, "0465": 466, "0466": 467, "0467": 468, "0468": 469, "0469": 470, "0470": 471, "0471": 472, "0472": 473, "0473": 474, "0474": 475, "0475": 476, "0476": 477, "0477": 478, "0478": 479, "0479": 480, "0480": 481, "0481": 482, "0482": 483, "0483": 484, "0484": 485, "0485": 486, "0486": 487, "0487": 488, "0488": 489, "0489": 490, "0490": 491, "0491": 492, "0492": 493, "0493": 494, "0494": 495, "0495": 496, "0496": 497, "0497": 498, "0498": 499, "0499": 500, "0500": 501, "0501": 502, "0502": 503, "0503": 504, "0504": 505, "0505": 506, "0506": 507, "0507": 508}}, "hyperband_iterations": 2, "max_epochs": 100, "min_epochs": 1, "factor": 3, "brackets": [{"bracket_num": 0, "rounds": [[{"past_id": null, "id": "0502"}, {"past_id": null, "id": "0503"}, {"past_id": null, "id": "0504"}, {"past_id": null, "id": "0505"}, {"past_id": null, "id": "0506"}, {"past_id": null, "id": "0507"}]]}], "current_bracket": 0, "current_iteration": 1}