{"trial_id": "0106", "hyperparameters": {"space": [{"class_name": "Int", "config": {"name": "input_units", "default": null, "conditions": [], "min_value": 5, "max_value": 64, "step": 1, "sampling": "linear"}}, {"class_name": "Choice", "config": {"name": "input_activation", "default": "relu", "conditions": [], "values": ["relu", "tanh", "sigmoid"], "ordered": false}}, {"class_name": "Int", "config": {"name": "n_layers", "default": null, "conditions": [], "min_value": 1, "max_value": 5, "step": 1, "sampling": "linear"}}, {"class_name": "Int", "config": {"name": "hidden_units_0", "default": null, "conditions": [], "min_value": 5, "max_value": 64, "step": 1, "sampling": "linear"}}, {"class_name": "Choice", "config": {"name": "hidden_activation_0", "default": "relu", "conditions": [], "values": ["relu", "tanh", "sigmoid"], "ordered": false}}, {"class_name": "Float", "config": {"name": "regularization_0", "default": 0.0, "conditions": [], "min_value": 0.0, "max_value": 0.1, "step": 0.01, "sampling": "linear"}}, {"class_name": "Float", "config": {"name": "dropout_rate", "default": 0.0, "conditions": [], "min_value": 0.0, "max_value": 0.5, "step": 0.1, "sampling": "linear"}}, {"class_name": "Choice", "config": {"name": "optimizer", "default": "adam", "conditions": [], "values": ["adam", "sgd", "rmsprop"], "ordered": false}}, {"class_name": "Int", "config": {"name": "hidden_units_1", "default": null, "conditions": [], "min_value": 5, "max_value": 64, "step": 1, "sampling": "linear"}}, {"class_name": "Choice", "config": {"name": "hidden_activation_1", "default": "relu", "conditions": [], "values": ["relu", "tanh", "sigmoid"], "ordered": false}}, {"class_name": "Float", "config": {"name": "regularization_1", "default": 0.0, "conditions": [], "min_value": 0.0, "max_value": 0.1, "step": 0.01, "sampling": "linear"}}, {"class_name": "Int", "config": {"name": "hidden_units_2", "default": null, "conditions": [], "min_value": 5, "max_value": 64, "step": 1, "sampling": "linear"}}, {"class_name": "Choice", "config": {"name": "hidden_activation_2", "default": "relu", "conditions": [], "values": ["relu", "tanh", "sigmoid"], "ordered": false}}, {"class_name": "Float", "config": {"name": "regularization_2", "default": 0.0, "conditions": [], "min_value": 0.0, "max_value": 0.1, "step": 0.01, "sampling": "linear"}}, {"class_name": "Int", "config": {"name": "hidden_units_3", "default": null, "conditions": [], "min_value": 5, "max_value": 64, "step": 1, "sampling": "linear"}}, {"class_name": "Choice", "config": {"name": "hidden_activation_3", "default": "relu", "conditions": [], "values": ["relu", "tanh", "sigmoid"], "ordered": false}}, {"class_name": "Float", "config": {"name": "regularization_3", "default": 0.0, "conditions": [], "min_value": 0.0, "max_value": 0.1, "step": 0.01, "sampling": "linear"}}, {"class_name": "Int", "config": {"name": "hidden_units_4", "default": null, "conditions": [], "min_value": 5, "max_value": 64, "step": 1, "sampling": "linear"}}, {"class_name": "Choice", "config": {"name": "hidden_activation_4", "default": "relu", "conditions": [], "values": ["relu", "tanh", "sigmoid"], "ordered": false}}, {"class_name": "Float", "config": {"name": "regularization_4", "default": 0.0, "conditions": [], "min_value": 0.0, "max_value": 0.1, "step": 0.01, "sampling": "linear"}}], "values": {"input_units": 40, "input_activation": "relu", "n_layers": 1, "hidden_units_0": 36, "hidden_activation_0": "tanh", "regularization_0": 0.06, "dropout_rate": 0.2, "optimizer": "rmsprop", "hidden_units_1": 63, "hidden_activation_1": "relu", "regularization_1": 0.1, "hidden_units_2": 50, "hidden_activation_2": "relu", "regularization_2": 0.03, "hidden_units_3": 43, "hidden_activation_3": "tanh", "regularization_3": 0.08, "hidden_units_4": 48, "hidden_activation_4": "relu", "regularization_4": 0.08, "tuner/epochs": 4, "tuner/initial_epoch": 2, "tuner/bracket": 4, "tuner/round": 1, "tuner/trial_id": "0078"}}, "metrics": {"metrics": {"loss": {"direction": "min", "observations": [{"value": [1.6557282209396362], "step": 1}]}, "accuracy": {"direction": "max", "observations": [{"value": [0.7363796234130859], "step": 1}]}, "val_loss": {"direction": "min", "observations": [{"value": [1.5570054054260254], "step": 1}]}, "val_accuracy": {"direction": "max", "observations": [{"value": [0.7552447319030762], "step": 1}]}}}, "score": 0.7552447319030762, "best_step": 1, "status": "COMPLETED", "message": null}