{"trial_id": "0353", "hyperparameters": {"space": [{"class_name": "Int", "config": {"name": "input_units", "default": null, "conditions": [], "min_value": 5, "max_value": 64, "step": 1, "sampling": "linear"}}, {"class_name": "Choice", "config": {"name": "input_activation", "default": "relu", "conditions": [], "values": ["relu", "tanh", "sigmoid"], "ordered": false}}, {"class_name": "Int", "config": {"name": "n_layers", "default": null, "conditions": [], "min_value": 1, "max_value": 5, "step": 1, "sampling": "linear"}}, {"class_name": "Int", "config": {"name": "hidden_units_0", "default": null, "conditions": [], "min_value": 5, "max_value": 64, "step": 1, "sampling": "linear"}}, {"class_name": "Choice", "config": {"name": "hidden_activation_0", "default": "relu", "conditions": [], "values": ["relu", "tanh", "sigmoid"], "ordered": false}}, {"class_name": "Float", "config": {"name": "regularization_0", "default": 0.0, "conditions": [], "min_value": 0.0, "max_value": 0.1, "step": 0.01, "sampling": "linear"}}, {"class_name": "Float", "config": {"name": "dropout_rate", "default": 0.0, "conditions": [], "min_value": 0.0, "max_value": 0.5, "step": 0.1, "sampling": "linear"}}, {"class_name": "Choice", "config": {"name": "optimizer", "default": "adam", "conditions": [], "values": ["adam", "sgd", "rmsprop"], "ordered": false}}, {"class_name": "Int", "config": {"name": "hidden_units_1", "default": null, "conditions": [], "min_value": 5, "max_value": 64, "step": 1, "sampling": "linear"}}, {"class_name": "Choice", "config": {"name": "hidden_activation_1", "default": "relu", "conditions": [], "values": ["relu", "tanh", "sigmoid"], "ordered": false}}, {"class_name": "Float", "config": {"name": "regularization_1", "default": 0.0, "conditions": [], "min_value": 0.0, "max_value": 0.1, "step": 0.01, "sampling": "linear"}}, {"class_name": "Int", "config": {"name": "hidden_units_2", "default": null, "conditions": [], "min_value": 5, "max_value": 64, "step": 1, "sampling": "linear"}}, {"class_name": "Choice", "config": {"name": "hidden_activation_2", "default": "relu", "conditions": [], "values": ["relu", "tanh", "sigmoid"], "ordered": false}}, {"class_name": "Float", "config": {"name": "regularization_2", "default": 0.0, "conditions": [], "min_value": 0.0, "max_value": 0.1, "step": 0.01, "sampling": "linear"}}, {"class_name": "Int", "config": {"name": "hidden_units_3", "default": null, "conditions": [], "min_value": 5, "max_value": 64, "step": 1, "sampling": "linear"}}, {"class_name": "Choice", "config": {"name": "hidden_activation_3", "default": "relu", "conditions": [], "values": ["relu", "tanh", "sigmoid"], "ordered": false}}, {"class_name": "Float", "config": {"name": "regularization_3", "default": 0.0, "conditions": [], "min_value": 0.0, "max_value": 0.1, "step": 0.01, "sampling": "linear"}}, {"class_name": "Int", "config": {"name": "hidden_units_4", "default": null, "conditions": [], "min_value": 5, "max_value": 64, "step": 1, "sampling": "linear"}}, {"class_name": "Choice", "config": {"name": "hidden_activation_4", "default": "relu", "conditions": [], "values": ["relu", "tanh", "sigmoid"], "ordered": false}}, {"class_name": "Float", "config": {"name": "regularization_4", "default": 0.0, "conditions": [], "min_value": 0.0, "max_value": 0.1, "step": 0.01, "sampling": "linear"}}], "values": {"input_units": 50, "input_activation": "tanh", "n_layers": 1, "hidden_units_0": 49, "hidden_activation_0": "relu", "regularization_0": 0.02, "dropout_rate": 0.4, "optimizer": "adam", "hidden_units_1": 31, "hidden_activation_1": "relu", "regularization_1": 0.02, "hidden_units_2": 47, "hidden_activation_2": "relu", "regularization_2": 0.09, "hidden_units_3": 58, "hidden_activation_3": "tanh", "regularization_3": 0.09, "hidden_units_4": 13, "hidden_activation_4": "sigmoid", "regularization_4": 0.02, "tuner/epochs": 4, "tuner/initial_epoch": 2, "tuner/bracket": 4, "tuner/round": 1, "tuner/trial_id": "0349"}}, "metrics": {"metrics": {"loss": {"direction": "min", "observations": [{"value": [1.1780421733856201], "step": 0}]}, "accuracy": {"direction": "max", "observations": [{"value": [0.7644991278648376], "step": 0}]}, "val_loss": {"direction": "min", "observations": [{"value": [1.1631509065628052], "step": 0}]}, "val_accuracy": {"direction": "max", "observations": [{"value": [0.7412587404251099], "step": 0}]}}}, "score": 0.7412587404251099, "best_step": 0, "status": "COMPLETED", "message": null}